[
  [
    "aeCAD",
    {
      "name": "aeCAD by Aktos Electronics",
      "website": "https://aktos.io/aecad",
      "dependencies": {"aecad": "8948754"}
    }
  ],
  [
    "Layer",
    {
      "name": "scripting",
      "applyMatrix": true,
      "children": [
        [
          "Group",
          {
            "applyMatrix": false,
            "matrix": [1, 0, 0, 1, -215.93008, 0],
            "data": {
              "aecad": {
                "type": "DG142V_5_08_XXP",
                "name": "c5",
                "value": "6 terminals",
                "labels": {
                  "1": "a",
                  "2": "b",
                  "3": "c",
                  "4": "d",
                  "5": "e",
                  "6": "f"
                },
                "_labels": {
                  "1": "a",
                  "2": "a",
                  "3": "b",
                  "4": "b",
                  "5": "c",
                  "6": "c",
                  "7": "d",
                  "8": "d",
                  "9": "e",
                  "10": "e",
                  "11": "f",
                  "12": "f"
                },
                "_iface": {
                  "1": "a",
                  "2": "a",
                  "3": "b",
                  "4": "b",
                  "5": "c",
                  "6": "c",
                  "7": "d",
                  "8": "d",
                  "9": "e",
                  "10": "e",
                  "11": "f",
                  "12": "f"
                }
              }
            },
            "children": [
              [
                "Group",
                {
                  "applyMatrix": false,
                  "data": {
                    "aecad": {
                      "type": "PinArray",
                      "pad": {"drill": 1.3, "dia": 2.6},
                      "cols": {"count": 2, "interval": 7.62},
                      "rows": {"count": "6", "interval": 5.08},
                      "dir": "x",
                      "labels": {
                        "1": "a",
                        "2": "a",
                        "3": "b",
                        "4": "b",
                        "5": "c",
                        "6": "c",
                        "7": "d",
                        "8": "d",
                        "9": "e",
                        "10": "e",
                        "11": "f",
                        "12": "f",
                        "13": 7,
                        "14": 7
                      },
                      "allowDuplicateLabels": true,
                      "_iface": {
                        "1": "a",
                        "2": "a",
                        "3": "b",
                        "4": "b",
                        "5": "c",
                        "6": "c",
                        "7": "d",
                        "8": "d",
                        "9": "e",
                        "10": "e",
                        "11": "f",
                        "12": "f"
                      }
                    }
                  },
                  "children": [
                    [
                      "Group",
                      {
                        "applyMatrix": true,
                        "data": {
                          "aecad": {
                            "type": "Pad",
                            "drill": 1.3,
                            "dia": 2.6,
                            "pin": 1,
                            "label": "a"
                          }
                        },
                        "children": [
                          [
                            "Shape",
                            {
                              "applyMatrix": false,
                              "data": {"aecad": {"part": "cu"}},
                              "type": "circle",
                              "size": [9.82678, 9.82678],
                              "radius": 4.91339,
                              "fillColor": [0.78039, 0.08235, 0.52157],
                              "strokeWidth": 0
                            }
                          ],
                          [
                            "Path",
                            {
                              "applyMatrix": true,
                              "data": {"aecad": {"part": "drill"}},
                              "segments": [
                                [[-2.45669, 0], [0, 1.35679], [0, -1.35679]],
                                [[0, -2.45669], [-1.35679, 0], [1.35679, 0]],
                                [[2.45669, 0], [0, -1.35679], [0, 1.35679]],
                                [[0, 2.45669], [1.35679, 0], [-1.35679, 0]]
                              ],
                              "closed": true,
                              "fillColor": [0.1451, 0.1451, 0.1451],
                              "strokeWidth": 0
                            }
                          ],
                          [
                            "PointText",
                            {
                              "applyMatrix": false,
                              "matrix": [6.14174, 0, 0, 6.14174, 0, 1.47402],
                              "data": {"aecad": {"part": "ttip"}},
                              "content": "a",
                              "fillColor": [1, 1, 1],
                              "fontSize": 0.8,
                              "leading": 0.96,
                              "justification": "center"
                            }
                          ]
                        ]
                      }
                    ],
                    [
                      "Group",
                      {
                        "applyMatrix": true,
                        "data": {
                          "aecad": {
                            "type": "Pad",
                            "drill": 1.3,
                            "dia": 2.6,
                            "pin": 3,
                            "label": "b"
                          }
                        },
                        "children": [
                          [
                            "Shape",
                            {
                              "applyMatrix": false,
                              "matrix": [1, 0, 0, 1, 0, 19.2],
                              "data": {"aecad": {"part": "cu"}},
                              "type": "circle",
                              "size": [9.82678, 9.82678],
                              "radius": 4.91339,
                              "fillColor": [0.78039, 0.08235, 0.52157],
                              "strokeWidth": 0
                            }
                          ],
                          [
                            "Path",
                            {
                              "applyMatrix": true,
                              "data": {"aecad": {"part": "drill"}},
                              "segments": [
                                [[-2.45669, 19.2], [0, 1.35679], [0, -1.35679]],
                                [[0, 16.74331], [-1.35679, 0], [1.35679, 0]],
                                [[2.45669, 19.2], [0, -1.35679], [0, 1.35679]],
                                [[0, 21.65669], [1.35679, 0], [-1.35679, 0]]
                              ],
                              "closed": true,
                              "fillColor": [0.1451, 0.1451, 0.1451],
                              "strokeWidth": 0
                            }
                          ],
                          [
                            "PointText",
                            {
                              "applyMatrix": false,
                              "matrix": [6.14174, 0, 0, 6.14174, 0, 20.67402],
                              "data": {"aecad": {"part": "ttip"}},
                              "content": "b",
                              "fillColor": [1, 1, 1],
                              "fontSize": 0.8,
                              "leading": 0.96,
                              "justification": "center"
                            }
                          ]
                        ]
                      }
                    ],
                    [
                      "Group",
                      {
                        "applyMatrix": true,
                        "data": {
                          "aecad": {
                            "type": "Pad",
                            "drill": 1.3,
                            "dia": 2.6,
                            "pin": 5,
                            "label": "c"
                          }
                        },
                        "children": [
                          [
                            "Shape",
                            {
                              "applyMatrix": false,
                              "matrix": [1, 0, 0, 1, 0, 38.4],
                              "data": {"aecad": {"part": "cu"}},
                              "type": "circle",
                              "size": [9.82678, 9.82678],
                              "radius": 4.91339,
                              "fillColor": [0.78039, 0.08235, 0.52157],
                              "strokeWidth": 0
                            }
                          ],
                          [
                            "Path",
                            {
                              "applyMatrix": true,
                              "data": {"aecad": {"part": "drill"}},
                              "segments": [
                                [[-2.45669, 38.4], [0, 1.35679], [0, -1.35679]],
                                [[0, 35.94331], [-1.35679, 0], [1.35679, 0]],
                                [[2.45669, 38.4], [0, -1.35679], [0, 1.35679]],
                                [[0, 40.85669], [1.35679, 0], [-1.35679, 0]]
                              ],
                              "closed": true,
                              "fillColor": [0.1451, 0.1451, 0.1451],
                              "strokeWidth": 0
                            }
                          ],
                          [
                            "PointText",
                            {
                              "applyMatrix": false,
                              "matrix": [6.14174, 0, 0, 6.14174, 0, 39.87402],
                              "data": {"aecad": {"part": "ttip"}},
                              "content": "c",
                              "fillColor": [1, 1, 1],
                              "fontSize": 0.8,
                              "leading": 0.96,
                              "justification": "center"
                            }
                          ]
                        ]
                      }
                    ],
                    [
                      "Group",
                      {
                        "applyMatrix": true,
                        "data": {
                          "aecad": {
                            "type": "Pad",
                            "drill": 1.3,
                            "dia": 2.6,
                            "pin": 7,
                            "label": "d"
                          }
                        },
                        "children": [
                          [
                            "Shape",
                            {
                              "applyMatrix": false,
                              "matrix": [1, 0, 0, 1, 0, 57.6],
                              "data": {"aecad": {"part": "cu"}},
                              "type": "circle",
                              "size": [9.82678, 9.82678],
                              "radius": 4.91339,
                              "fillColor": [0.78039, 0.08235, 0.52157],
                              "strokeWidth": 0
                            }
                          ],
                          [
                            "Path",
                            {
                              "applyMatrix": true,
                              "data": {"aecad": {"part": "drill"}},
                              "segments": [
                                [[-2.45669, 57.6], [0, 1.35679], [0, -1.35679]],
                                [[0, 55.14331], [-1.35679, 0], [1.35679, 0]],
                                [[2.45669, 57.6], [0, -1.35679], [0, 1.35679]],
                                [[0, 60.05669], [1.35679, 0], [-1.35679, 0]]
                              ],
                              "closed": true,
                              "fillColor": [0.1451, 0.1451, 0.1451],
                              "strokeWidth": 0
                            }
                          ],
                          [
                            "PointText",
                            {
                              "applyMatrix": false,
                              "matrix": [6.14174, 0, 0, 6.14174, 0, 59.07402],
                              "data": {"aecad": {"part": "ttip"}},
                              "content": "d",
                              "fillColor": [1, 1, 1],
                              "fontSize": 0.8,
                              "leading": 0.96,
                              "justification": "center"
                            }
                          ]
                        ]
                      }
                    ],
                    [
                      "Group",
                      {
                        "applyMatrix": true,
                        "data": {
                          "aecad": {
                            "type": "Pad",
                            "drill": 1.3,
                            "dia": 2.6,
                            "pin": 9,
                            "label": "e"
                          }
                        },
                        "children": [
                          [
                            "Shape",
                            {
                              "applyMatrix": false,
                              "matrix": [1, 0, 0, 1, 0, 76.8],
                              "data": {"aecad": {"part": "cu"}},
                              "type": "circle",
                              "size": [9.82678, 9.82678],
                              "radius": 4.91339,
                              "fillColor": [0.78039, 0.08235, 0.52157],
                              "strokeWidth": 0
                            }
                          ],
                          [
                            "Path",
                            {
                              "applyMatrix": true,
                              "data": {"aecad": {"part": "drill"}},
                              "segments": [
                                [[-2.45669, 76.8], [0, 1.35679], [0, -1.35679]],
                                [[0, 74.34331], [-1.35679, 0], [1.35679, 0]],
                                [[2.45669, 76.8], [0, -1.35679], [0, 1.35679]],
                                [[0, 79.25669], [1.35679, 0], [-1.35679, 0]]
                              ],
                              "closed": true,
                              "fillColor": [0.1451, 0.1451, 0.1451],
                              "strokeWidth": 0
                            }
                          ],
                          [
                            "PointText",
                            {
                              "applyMatrix": false,
                              "matrix": [6.14174, 0, 0, 6.14174, 0, 78.27402],
                              "data": {"aecad": {"part": "ttip"}},
                              "content": "e",
                              "fillColor": [1, 1, 1],
                              "fontSize": 0.8,
                              "leading": 0.96,
                              "justification": "center"
                            }
                          ]
                        ]
                      }
                    ],
                    [
                      "Group",
                      {
                        "applyMatrix": true,
                        "data": {
                          "aecad": {
                            "type": "Pad",
                            "drill": 1.3,
                            "dia": 2.6,
                            "pin": 11,
                            "label": "f"
                          }
                        },
                        "children": [
                          [
                            "Shape",
                            {
                              "applyMatrix": false,
                              "matrix": [1, 0, 0, 1, 0, 96],
                              "data": {"aecad": {"part": "cu"}},
                              "type": "circle",
                              "size": [9.82678, 9.82678],
                              "radius": 4.91339,
                              "fillColor": [0.78039, 0.08235, 0.52157],
                              "strokeWidth": 0
                            }
                          ],
                          [
                            "Path",
                            {
                              "applyMatrix": true,
                              "data": {"aecad": {"part": "drill"}},
                              "segments": [
                                [[-2.45669, 96], [0, 1.35679], [0, -1.35679]],
                                [[0, 93.54331], [-1.35679, 0], [1.35679, 0]],
                                [[2.45669, 96], [0, -1.35679], [0, 1.35679]],
                                [[0, 98.45669], [1.35679, 0], [-1.35679, 0]]
                              ],
                              "closed": true,
                              "fillColor": [0.1451, 0.1451, 0.1451],
                              "strokeWidth": 0
                            }
                          ],
                          [
                            "PointText",
                            {
                              "applyMatrix": false,
                              "matrix": [6.14174, 0, 0, 6.14174, 0, 97.47402],
                              "data": {"aecad": {"part": "ttip"}},
                              "content": "f",
                              "fillColor": [1, 1, 1],
                              "fontSize": 0.8,
                              "leading": 0.96,
                              "justification": "center"
                            }
                          ]
                        ]
                      }
                    ],
                    [
                      "Group",
                      {
                        "applyMatrix": true,
                        "data": {
                          "aecad": {
                            "type": "Pad",
                            "drill": 1.3,
                            "dia": 2.6,
                            "pin": 2,
                            "label": "a"
                          }
                        },
                        "children": [
                          [
                            "Shape",
                            {
                              "applyMatrix": false,
                              "matrix": [1, 0, 0, 1, 28.8, 0],
                              "data": {"aecad": {"part": "cu"}},
                              "type": "circle",
                              "size": [9.82678, 9.82678],
                              "radius": 4.91339,
                              "fillColor": [0.78039, 0.08235, 0.52157],
                              "strokeWidth": 0
                            }
                          ],
                          [
                            "Path",
                            {
                              "applyMatrix": true,
                              "data": {"aecad": {"part": "drill"}},
                              "segments": [
                                [[26.34331, 0], [0, 1.35679], [0, -1.35679]],
                                [[28.8, -2.45669], [-1.35679, 0], [1.35679, 0]],
                                [[31.25669, 0], [0, -1.35679], [0, 1.35679]],
                                [[28.8, 2.45669], [1.35679, 0], [-1.35679, 0]]
                              ],
                              "closed": true,
                              "fillColor": [0.1451, 0.1451, 0.1451],
                              "strokeWidth": 0
                            }
                          ],
                          [
                            "PointText",
                            {
                              "applyMatrix": false,
                              "matrix": [6.14174, 0, 0, 6.14174, 28.8, 1.47402],
                              "data": {"aecad": {"part": "ttip"}},
                              "content": "a",
                              "fillColor": [1, 1, 1],
                              "fontSize": 0.8,
                              "leading": 0.96,
                              "justification": "center"
                            }
                          ]
                        ]
                      }
                    ],
                    [
                      "Group",
                      {
                        "applyMatrix": true,
                        "data": {
                          "aecad": {
                            "type": "Pad",
                            "drill": 1.3,
                            "dia": 2.6,
                            "pin": 4,
                            "label": "b"
                          }
                        },
                        "children": [
                          [
                            "Shape",
                            {
                              "applyMatrix": false,
                              "matrix": [1, 0, 0, 1, 28.8, 19.2],
                              "data": {"aecad": {"part": "cu"}},
                              "type": "circle",
                              "size": [9.82678, 9.82678],
                              "radius": 4.91339,
                              "fillColor": [0.78039, 0.08235, 0.52157],
                              "strokeWidth": 0
                            }
                          ],
                          [
                            "Path",
                            {
                              "applyMatrix": true,
                              "data": {"aecad": {"part": "drill"}},
                              "segments": [
                                [[26.34331, 19.2], [0, 1.35679], [0, -1.35679]],
                                [[28.8, 16.74331], [-1.35679, 0], [1.35679, 0]],
                                [[31.25669, 19.2], [0, -1.35679], [0, 1.35679]],
                                [[28.8, 21.65669], [1.35679, 0], [-1.35679, 0]]
                              ],
                              "closed": true,
                              "fillColor": [0.1451, 0.1451, 0.1451],
                              "strokeWidth": 0
                            }
                          ],
                          [
                            "PointText",
                            {
                              "applyMatrix": false,
                              "matrix": [
                                6.14174,
                                0,
                                0,
                                6.14174,
                                28.8,
                                20.67402
                              ],
                              "data": {"aecad": {"part": "ttip"}},
                              "content": "b",
                              "fillColor": [1, 1, 1],
                              "fontSize": 0.8,
                              "leading": 0.96,
                              "justification": "center"
                            }
                          ]
                        ]
                      }
                    ],
                    [
                      "Group",
                      {
                        "applyMatrix": true,
                        "data": {
                          "aecad": {
                            "type": "Pad",
                            "drill": 1.3,
                            "dia": 2.6,
                            "pin": 6,
                            "label": "c"
                          }
                        },
                        "children": [
                          [
                            "Shape",
                            {
                              "applyMatrix": false,
                              "matrix": [1, 0, 0, 1, 28.8, 38.4],
                              "data": {"aecad": {"part": "cu"}},
                              "type": "circle",
                              "size": [9.82678, 9.82678],
                              "radius": 4.91339,
                              "fillColor": [0.78039, 0.08235, 0.52157],
                              "strokeWidth": 0
                            }
                          ],
                          [
                            "Path",
                            {
                              "applyMatrix": true,
                              "data": {"aecad": {"part": "drill"}},
                              "segments": [
                                [[26.34331, 38.4], [0, 1.35679], [0, -1.35679]],
                                [[28.8, 35.94331], [-1.35679, 0], [1.35679, 0]],
                                [[31.25669, 38.4], [0, -1.35679], [0, 1.35679]],
                                [[28.8, 40.85669], [1.35679, 0], [-1.35679, 0]]
                              ],
                              "closed": true,
                              "fillColor": [0.1451, 0.1451, 0.1451],
                              "strokeWidth": 0
                            }
                          ],
                          [
                            "PointText",
                            {
                              "applyMatrix": false,
                              "matrix": [
                                6.14174,
                                0,
                                0,
                                6.14174,
                                28.8,
                                39.87402
                              ],
                              "data": {"aecad": {"part": "ttip"}},
                              "content": "c",
                              "fillColor": [1, 1, 1],
                              "fontSize": 0.8,
                              "leading": 0.96,
                              "justification": "center"
                            }
                          ]
                        ]
                      }
                    ],
                    [
                      "Group",
                      {
                        "applyMatrix": true,
                        "data": {
                          "aecad": {
                            "type": "Pad",
                            "drill": 1.3,
                            "dia": 2.6,
                            "pin": 8,
                            "label": "d"
                          }
                        },
                        "children": [
                          [
                            "Shape",
                            {
                              "applyMatrix": false,
                              "matrix": [1, 0, 0, 1, 28.8, 57.6],
                              "data": {"aecad": {"part": "cu"}},
                              "type": "circle",
                              "size": [9.82678, 9.82678],
                              "radius": 4.91339,
                              "fillColor": [0.78039, 0.08235, 0.52157],
                              "strokeWidth": 0
                            }
                          ],
                          [
                            "Path",
                            {
                              "applyMatrix": true,
                              "data": {"aecad": {"part": "drill"}},
                              "segments": [
                                [[26.34331, 57.6], [0, 1.35679], [0, -1.35679]],
                                [[28.8, 55.14331], [-1.35679, 0], [1.35679, 0]],
                                [[31.25669, 57.6], [0, -1.35679], [0, 1.35679]],
                                [[28.8, 60.05669], [1.35679, 0], [-1.35679, 0]]
                              ],
                              "closed": true,
                              "fillColor": [0.1451, 0.1451, 0.1451],
                              "strokeWidth": 0
                            }
                          ],
                          [
                            "PointText",
                            {
                              "applyMatrix": false,
                              "matrix": [
                                6.14174,
                                0,
                                0,
                                6.14174,
                                28.8,
                                59.07402
                              ],
                              "data": {"aecad": {"part": "ttip"}},
                              "content": "d",
                              "fillColor": [1, 1, 1],
                              "fontSize": 0.8,
                              "leading": 0.96,
                              "justification": "center"
                            }
                          ]
                        ]
                      }
                    ],
                    [
                      "Group",
                      {
                        "applyMatrix": true,
                        "data": {
                          "aecad": {
                            "type": "Pad",
                            "drill": 1.3,
                            "dia": 2.6,
                            "pin": 10,
                            "label": "e"
                          }
                        },
                        "children": [
                          [
                            "Shape",
                            {
                              "applyMatrix": false,
                              "matrix": [1, 0, 0, 1, 28.8, 76.8],
                              "data": {"aecad": {"part": "cu"}},
                              "type": "circle",
                              "size": [9.82678, 9.82678],
                              "radius": 4.91339,
                              "fillColor": [0.78039, 0.08235, 0.52157],
                              "strokeWidth": 0
                            }
                          ],
                          [
                            "Path",
                            {
                              "applyMatrix": true,
                              "data": {"aecad": {"part": "drill"}},
                              "segments": [
                                [[26.34331, 76.8], [0, 1.35679], [0, -1.35679]],
                                [[28.8, 74.34331], [-1.35679, 0], [1.35679, 0]],
                                [[31.25669, 76.8], [0, -1.35679], [0, 1.35679]],
                                [[28.8, 79.25669], [1.35679, 0], [-1.35679, 0]]
                              ],
                              "closed": true,
                              "fillColor": [0.1451, 0.1451, 0.1451],
                              "strokeWidth": 0
                            }
                          ],
                          [
                            "PointText",
                            {
                              "applyMatrix": false,
                              "matrix": [
                                6.14174,
                                0,
                                0,
                                6.14174,
                                28.8,
                                78.27402
                              ],
                              "data": {"aecad": {"part": "ttip"}},
                              "content": "e",
                              "fillColor": [1, 1, 1],
                              "fontSize": 0.8,
                              "leading": 0.96,
                              "justification": "center"
                            }
                          ]
                        ]
                      }
                    ],
                    [
                      "Group",
                      {
                        "applyMatrix": true,
                        "data": {
                          "aecad": {
                            "type": "Pad",
                            "drill": 1.3,
                            "dia": 2.6,
                            "pin": 12,
                            "label": "f"
                          }
                        },
                        "children": [
                          [
                            "Shape",
                            {
                              "applyMatrix": false,
                              "matrix": [1, 0, 0, 1, 28.8, 96],
                              "data": {"aecad": {"part": "cu"}},
                              "type": "circle",
                              "size": [9.82678, 9.82678],
                              "radius": 4.91339,
                              "fillColor": [0.78039, 0.08235, 0.52157],
                              "strokeWidth": 0
                            }
                          ],
                          [
                            "Path",
                            {
                              "applyMatrix": true,
                              "data": {"aecad": {"part": "drill"}},
                              "segments": [
                                [[26.34331, 96], [0, 1.35679], [0, -1.35679]],
                                [[28.8, 93.54331], [-1.35679, 0], [1.35679, 0]],
                                [[31.25669, 96], [0, -1.35679], [0, 1.35679]],
                                [[28.8, 98.45669], [1.35679, 0], [-1.35679, 0]]
                              ],
                              "closed": true,
                              "fillColor": [0.1451, 0.1451, 0.1451],
                              "strokeWidth": 0
                            }
                          ],
                          [
                            "PointText",
                            {
                              "applyMatrix": false,
                              "matrix": [
                                6.14174,
                                0,
                                0,
                                6.14174,
                                28.8,
                                97.47402
                              ],
                              "data": {"aecad": {"part": "ttip"}},
                              "content": "f",
                              "fillColor": [1, 1, 1],
                              "fontSize": 0.8,
                              "leading": 0.96,
                              "justification": "center"
                            }
                          ]
                        ]
                      }
                    ]
                  ]
                }
              ]
            ]
          }
        ],
        [
          "Group",
          {
            "applyMatrix": false,
            "matrix": [1, 0, 0, 1, -127.30331, 85.8022],
            "data": {
              "aecad": {
                "type": "Phoenix_MC",
                "name": "c4",
                "value": "MC-1.5_2-G-3.81",
                "labels": null,
                "rev": 1,
                "_labels": {"1": "1", "2": "2"},
                "_iface": {"1": 1, "2": 2}
              }
            },
            "children": [
              [
                "Group",
                {
                  "applyMatrix": false,
                  "data": {
                    "aecad": {
                      "type": "PinArray",
                      "pad": {"drill": 1.2, "dia": 2.52},
                      "cols": {"count": 1, "interval": 3.81},
                      "rows": {"count": 2, "interval": 3.81},
                      "dir": "x",
                      "labels": null,
                      "_iface": {"1": 1, "2": 2}
                    }
                  },
                  "children": [
                    [
                      "Group",
                      {
                        "applyMatrix": true,
                        "data": {
                          "aecad": {
                            "type": "Pad",
                            "drill": 1.2,
                            "dia": 2.52,
                            "pin": 1,
                            "label": 1
                          }
                        },
                        "children": [
                          [
                            "Shape",
                            {
                              "applyMatrix": false,
                              "data": {"aecad": {"part": "cu"}},
                              "type": "circle",
                              "size": [9.5244, 9.5244],
                              "radius": 4.7622,
                              "fillColor": [0.78039, 0.08235, 0.52157],
                              "strokeWidth": 0
                            }
                          ],
                          [
                            "Path",
                            {
                              "applyMatrix": true,
                              "data": {"aecad": {"part": "drill"}},
                              "segments": [
                                [[-2.26772, 0], [0, 1.25243], [0, -1.25243]],
                                [[0, -2.26772], [-1.25243, 0], [1.25243, 0]],
                                [[2.26772, 0], [0, -1.25243], [0, 1.25243]],
                                [[0, 2.26772], [1.25243, 0], [-1.25243, 0]]
                              ],
                              "closed": true,
                              "fillColor": [0.1451, 0.1451, 0.1451],
                              "strokeWidth": 0
                            }
                          ],
                          [
                            "PointText",
                            {
                              "applyMatrix": false,
                              "matrix": [5.95275, 0, 0, 5.95275, 0, 1.42866],
                              "data": {"aecad": {"part": "ttip"}},
                              "content": "1",
                              "fillColor": [1, 1, 1],
                              "fontSize": 0.8,
                              "leading": 0.96,
                              "justification": "center"
                            }
                          ]
                        ]
                      }
                    ],
                    [
                      "Group",
                      {
                        "applyMatrix": true,
                        "data": {
                          "aecad": {
                            "type": "Pad",
                            "drill": 1.2,
                            "dia": 2.52,
                            "pin": 2,
                            "label": 2
                          }
                        },
                        "children": [
                          [
                            "Shape",
                            {
                              "applyMatrix": false,
                              "matrix": [1, 0, 0, 1, 0, 14.4],
                              "data": {"aecad": {"part": "cu"}},
                              "type": "circle",
                              "size": [9.5244, 9.5244],
                              "radius": 4.7622,
                              "fillColor": [0.78039, 0.08235, 0.52157],
                              "strokeWidth": 0
                            }
                          ],
                          [
                            "Path",
                            {
                              "applyMatrix": true,
                              "data": {"aecad": {"part": "drill"}},
                              "segments": [
                                [[-2.26772, 14.4], [0, 1.25243], [0, -1.25243]],
                                [[0, 12.13228], [-1.25243, 0], [1.25243, 0]],
                                [[2.26772, 14.4], [0, -1.25243], [0, 1.25243]],
                                [[0, 16.66772], [1.25243, 0], [-1.25243, 0]]
                              ],
                              "closed": true,
                              "fillColor": [0.1451, 0.1451, 0.1451],
                              "strokeWidth": 0
                            }
                          ],
                          [
                            "PointText",
                            {
                              "applyMatrix": false,
                              "matrix": [5.95275, 0, 0, 5.95275, 0, 15.82866],
                              "data": {"aecad": {"part": "ttip"}},
                              "content": "2",
                              "fillColor": [1, 1, 1],
                              "fontSize": 0.8,
                              "leading": 0.96,
                              "justification": "center"
                            }
                          ]
                        ]
                      }
                    ]
                  ]
                }
              ]
            ]
          }
        ],
        [
          "Group",
          {
            "applyMatrix": false,
            "matrix": [1, 0, 0, 1, -127.30331, 0],
            "data": {
              "aecad": {
                "type": "Conn",
                "name": "c3",
                "value": "1x8 2.54mm smd",
                "labels": null,
                "rev": 1,
                "_labels": {
                  "1": "1",
                  "2": "2",
                  "3": "3",
                  "4": "4",
                  "5": "5",
                  "6": "6",
                  "7": "7",
                  "8": "8"
                },
                "_iface": {
                  "1": 1,
                  "2": 2,
                  "3": 3,
                  "4": 4,
                  "5": 5,
                  "6": 6,
                  "7": 7,
                  "8": 8
                }
              }
            },
            "children": [
              [
                "Group",
                {
                  "applyMatrix": false,
                  "data": {
                    "aecad": {
                      "type": "PinArray",
                      "pad": {"width": 2.794, "height": 1.016},
                      "cols": {"count": 1, "interval": 2.54},
                      "rows": {"count": 8, "interval": 2.54},
                      "dir": "x",
                      "labels": null,
                      "_iface": {
                        "1": 1,
                        "2": 2,
                        "3": 3,
                        "4": 4,
                        "5": 5,
                        "6": 6,
                        "7": 7,
                        "8": 8
                      }
                    }
                  },
                  "children": [
                    [
                      "Group",
                      {
                        "applyMatrix": true,
                        "data": {
                          "aecad": {
                            "type": "Pad",
                            "width": 2.794,
                            "height": 1.016,
                            "pin": 1,
                            "label": 1
                          }
                        },
                        "children": [
                          [
                            "Shape",
                            {
                              "applyMatrix": false,
                              "matrix": [1, 0, 0, 1, 5.28, 1.92],
                              "data": {"aecad": {"part": "cu"}},
                              "type": "rectangle",
                              "size": [10.56, 3.84],
                              "radius": [0, 0],
                              "fillColor": [0.78039, 0.08235, 0.52157],
                              "strokeWidth": 0
                            }
                          ],
                          [
                            "PointText",
                            {
                              "applyMatrix": false,
                              "matrix": [2.4, 0, 0, 2.4, 5.28, 2.496],
                              "data": {"aecad": {"part": "ttip"}},
                              "content": "1",
                              "fillColor": [1, 1, 1],
                              "fontSize": 0.8,
                              "leading": 0.96,
                              "justification": "center"
                            }
                          ]
                        ]
                      }
                    ],
                    [
                      "Group",
                      {
                        "applyMatrix": true,
                        "data": {
                          "aecad": {
                            "type": "Pad",
                            "width": 2.794,
                            "height": 1.016,
                            "pin": 2,
                            "label": 2
                          }
                        },
                        "children": [
                          [
                            "Shape",
                            {
                              "applyMatrix": false,
                              "matrix": [1, 0, 0, 1, 5.28, 11.52],
                              "data": {"aecad": {"part": "cu"}},
                              "type": "rectangle",
                              "size": [10.56, 3.84],
                              "radius": [0, 0],
                              "fillColor": [0.78039, 0.08235, 0.52157],
                              "strokeWidth": 0
                            }
                          ],
                          [
                            "PointText",
                            {
                              "applyMatrix": false,
                              "matrix": [2.4, 0, 0, 2.4, 5.28, 12.096],
                              "data": {"aecad": {"part": "ttip"}},
                              "content": "2",
                              "fillColor": [1, 1, 1],
                              "fontSize": 0.8,
                              "leading": 0.96,
                              "justification": "center"
                            }
                          ]
                        ]
                      }
                    ],
                    [
                      "Group",
                      {
                        "applyMatrix": true,
                        "data": {
                          "aecad": {
                            "type": "Pad",
                            "width": 2.794,
                            "height": 1.016,
                            "pin": 3,
                            "label": 3
                          }
                        },
                        "children": [
                          [
                            "Shape",
                            {
                              "applyMatrix": false,
                              "matrix": [1, 0, 0, 1, 5.28, 21.12],
                              "data": {"aecad": {"part": "cu"}},
                              "type": "rectangle",
                              "size": [10.56, 3.84],
                              "radius": [0, 0],
                              "fillColor": [0.78039, 0.08235, 0.52157],
                              "strokeWidth": 0
                            }
                          ],
                          [
                            "PointText",
                            {
                              "applyMatrix": false,
                              "matrix": [2.4, 0, 0, 2.4, 5.28, 21.696],
                              "data": {"aecad": {"part": "ttip"}},
                              "content": "3",
                              "fillColor": [1, 1, 1],
                              "fontSize": 0.8,
                              "leading": 0.96,
                              "justification": "center"
                            }
                          ]
                        ]
                      }
                    ],
                    [
                      "Group",
                      {
                        "applyMatrix": true,
                        "data": {
                          "aecad": {
                            "type": "Pad",
                            "width": 2.794,
                            "height": 1.016,
                            "pin": 4,
                            "label": 4
                          }
                        },
                        "children": [
                          [
                            "Shape",
                            {
                              "applyMatrix": false,
                              "matrix": [1, 0, 0, 1, 5.28, 30.72],
                              "data": {"aecad": {"part": "cu"}},
                              "type": "rectangle",
                              "size": [10.56, 3.84],
                              "radius": [0, 0],
                              "fillColor": [0.78039, 0.08235, 0.52157],
                              "strokeWidth": 0
                            }
                          ],
                          [
                            "PointText",
                            {
                              "applyMatrix": false,
                              "matrix": [2.4, 0, 0, 2.4, 5.28, 31.296],
                              "data": {"aecad": {"part": "ttip"}},
                              "content": "4",
                              "fillColor": [1, 1, 1],
                              "fontSize": 0.8,
                              "leading": 0.96,
                              "justification": "center"
                            }
                          ]
                        ]
                      }
                    ],
                    [
                      "Group",
                      {
                        "applyMatrix": true,
                        "data": {
                          "aecad": {
                            "type": "Pad",
                            "width": 2.794,
                            "height": 1.016,
                            "pin": 5,
                            "label": 5
                          }
                        },
                        "children": [
                          [
                            "Shape",
                            {
                              "applyMatrix": false,
                              "matrix": [1, 0, 0, 1, 5.28, 40.32],
                              "data": {"aecad": {"part": "cu"}},
                              "type": "rectangle",
                              "size": [10.56, 3.84],
                              "radius": [0, 0],
                              "fillColor": [0.78039, 0.08235, 0.52157],
                              "strokeWidth": 0
                            }
                          ],
                          [
                            "PointText",
                            {
                              "applyMatrix": false,
                              "matrix": [2.4, 0, 0, 2.4, 5.28, 40.896],
                              "data": {"aecad": {"part": "ttip"}},
                              "content": "5",
                              "fillColor": [1, 1, 1],
                              "fontSize": 0.8,
                              "leading": 0.96,
                              "justification": "center"
                            }
                          ]
                        ]
                      }
                    ],
                    [
                      "Group",
                      {
                        "applyMatrix": true,
                        "data": {
                          "aecad": {
                            "type": "Pad",
                            "width": 2.794,
                            "height": 1.016,
                            "pin": 6,
                            "label": 6
                          }
                        },
                        "children": [
                          [
                            "Shape",
                            {
                              "applyMatrix": false,
                              "matrix": [1, 0, 0, 1, 5.28, 49.92],
                              "data": {"aecad": {"part": "cu"}},
                              "type": "rectangle",
                              "size": [10.56, 3.84],
                              "radius": [0, 0],
                              "fillColor": [0.78039, 0.08235, 0.52157],
                              "strokeWidth": 0
                            }
                          ],
                          [
                            "PointText",
                            {
                              "applyMatrix": false,
                              "matrix": [2.4, 0, 0, 2.4, 5.28, 50.496],
                              "data": {"aecad": {"part": "ttip"}},
                              "content": "6",
                              "fillColor": [1, 1, 1],
                              "fontSize": 0.8,
                              "leading": 0.96,
                              "justification": "center"
                            }
                          ]
                        ]
                      }
                    ],
                    [
                      "Group",
                      {
                        "applyMatrix": true,
                        "data": {
                          "aecad": {
                            "type": "Pad",
                            "width": 2.794,
                            "height": 1.016,
                            "pin": 7,
                            "label": 7
                          }
                        },
                        "children": [
                          [
                            "Shape",
                            {
                              "applyMatrix": false,
                              "matrix": [1, 0, 0, 1, 5.28, 59.52],
                              "data": {"aecad": {"part": "cu"}},
                              "type": "rectangle",
                              "size": [10.56, 3.84],
                              "radius": [0, 0],
                              "fillColor": [0.78039, 0.08235, 0.52157],
                              "strokeWidth": 0
                            }
                          ],
                          [
                            "PointText",
                            {
                              "applyMatrix": false,
                              "matrix": [2.4, 0, 0, 2.4, 5.28, 60.096],
                              "data": {"aecad": {"part": "ttip"}},
                              "content": "7",
                              "fillColor": [1, 1, 1],
                              "fontSize": 0.8,
                              "leading": 0.96,
                              "justification": "center"
                            }
                          ]
                        ]
                      }
                    ],
                    [
                      "Group",
                      {
                        "applyMatrix": true,
                        "data": {
                          "aecad": {
                            "type": "Pad",
                            "width": 2.794,
                            "height": 1.016,
                            "pin": 8,
                            "label": 8
                          }
                        },
                        "children": [
                          [
                            "Shape",
                            {
                              "applyMatrix": false,
                              "matrix": [1, 0, 0, 1, 5.28, 69.12],
                              "data": {"aecad": {"part": "cu"}},
                              "type": "rectangle",
                              "size": [10.56, 3.84],
                              "radius": [0, 0],
                              "fillColor": [0.78039, 0.08235, 0.52157],
                              "strokeWidth": 0
                            }
                          ],
                          [
                            "PointText",
                            {
                              "applyMatrix": false,
                              "matrix": [2.4, 0, 0, 2.4, 5.28, 69.696],
                              "data": {"aecad": {"part": "ttip"}},
                              "content": "8",
                              "fillColor": [1, 1, 1],
                              "fontSize": 0.8,
                              "leading": 0.96,
                              "justification": "center"
                            }
                          ]
                        ]
                      }
                    ]
                  ]
                }
              ]
            ]
          }
        ],
        [
          "Group",
          {
            "applyMatrix": false,
            "matrix": [1, 0, 0, 1, -66.74331, 26.74331],
            "data": {
              "aecad": {
                "type": "Conn",
                "name": "c2",
                "value": "2x4 2.54mm",
                "labels": null,
                "rev": 1,
                "_labels": {
                  "1": "1",
                  "2": "2",
                  "3": "3",
                  "4": "4",
                  "5": "5",
                  "6": "6",
                  "7": "7",
                  "8": "8"
                },
                "_iface": {
                  "1": 1,
                  "2": 2,
                  "3": 3,
                  "4": 4,
                  "5": 5,
                  "6": 6,
                  "7": 7,
                  "8": 8
                }
              }
            },
            "children": [
              [
                "Group",
                {
                  "applyMatrix": false,
                  "data": {
                    "aecad": {
                      "type": "PinArray",
                      "pad": {"drill": 0.9, "dia": 1.89},
                      "cols": {"count": 2, "interval": 2.54},
                      "rows": {"count": 4, "interval": 2.54},
                      "dir": "x",
                      "labels": null,
                      "_iface": {
                        "1": 1,
                        "2": 2,
                        "3": 3,
                        "4": 4,
                        "5": 5,
                        "6": 6,
                        "7": 7,
                        "8": 8
                      }
                    }
                  },
                  "children": [
                    [
                      "Group",
                      {
                        "applyMatrix": true,
                        "data": {
                          "aecad": {
                            "type": "Pad",
                            "drill": 0.9,
                            "dia": 1.89,
                            "pin": 1,
                            "label": 1
                          }
                        },
                        "children": [
                          [
                            "Shape",
                            {
                              "applyMatrix": false,
                              "data": {"aecad": {"part": "cu"}},
                              "type": "circle",
                              "size": [7.1433, 7.1433],
                              "radius": 3.57165,
                              "fillColor": [0.78039, 0.08235, 0.52157],
                              "strokeWidth": 0
                            }
                          ],
                          [
                            "Path",
                            {
                              "applyMatrix": true,
                              "data": {"aecad": {"part": "drill"}},
                              "segments": [
                                [[-1.70079, 0], [0, 0.93932], [0, -0.93932]],
                                [[0, -1.70079], [-0.93932, 0], [0.93932, 0]],
                                [[1.70079, 0], [0, -0.93932], [0, 0.93932]],
                                [[0, 1.70079], [0.93932, 0], [-0.93932, 0]]
                              ],
                              "closed": true,
                              "fillColor": [0.1451, 0.1451, 0.1451],
                              "strokeWidth": 0
                            }
                          ],
                          [
                            "PointText",
                            {
                              "applyMatrix": false,
                              "matrix": [4.46456, 0, 0, 4.46456, 0, 1.07149],
                              "data": {"aecad": {"part": "ttip"}},
                              "content": "1",
                              "fillColor": [1, 1, 1],
                              "fontSize": 0.8,
                              "leading": 0.96,
                              "justification": "center"
                            }
                          ]
                        ]
                      }
                    ],
                    [
                      "Group",
                      {
                        "applyMatrix": true,
                        "data": {
                          "aecad": {
                            "type": "Pad",
                            "drill": 0.9,
                            "dia": 1.89,
                            "pin": 3,
                            "label": 3
                          }
                        },
                        "children": [
                          [
                            "Shape",
                            {
                              "applyMatrix": false,
                              "matrix": [1, 0, 0, 1, 0, 9.6],
                              "data": {"aecad": {"part": "cu"}},
                              "type": "circle",
                              "size": [7.1433, 7.1433],
                              "radius": 3.57165,
                              "fillColor": [0.78039, 0.08235, 0.52157],
                              "strokeWidth": 0
                            }
                          ],
                          [
                            "Path",
                            {
                              "applyMatrix": true,
                              "data": {"aecad": {"part": "drill"}},
                              "segments": [
                                [[-1.70079, 9.6], [0, 0.93932], [0, -0.93932]],
                                [[0, 7.89921], [-0.93932, 0], [0.93932, 0]],
                                [[1.70079, 9.6], [0, -0.93932], [0, 0.93932]],
                                [[0, 11.30079], [0.93932, 0], [-0.93932, 0]]
                              ],
                              "closed": true,
                              "fillColor": [0.1451, 0.1451, 0.1451],
                              "strokeWidth": 0
                            }
                          ],
                          [
                            "PointText",
                            {
                              "applyMatrix": false,
                              "matrix": [4.46456, 0, 0, 4.46456, 0, 10.6715],
                              "data": {"aecad": {"part": "ttip"}},
                              "content": "3",
                              "fillColor": [1, 1, 1],
                              "fontSize": 0.8,
                              "leading": 0.96,
                              "justification": "center"
                            }
                          ]
                        ]
                      }
                    ],
                    [
                      "Group",
                      {
                        "applyMatrix": true,
                        "data": {
                          "aecad": {
                            "type": "Pad",
                            "drill": 0.9,
                            "dia": 1.89,
                            "pin": 5,
                            "label": 5
                          }
                        },
                        "children": [
                          [
                            "Shape",
                            {
                              "applyMatrix": false,
                              "matrix": [1, 0, 0, 1, 0, 19.2],
                              "data": {"aecad": {"part": "cu"}},
                              "type": "circle",
                              "size": [7.1433, 7.1433],
                              "radius": 3.57165,
                              "fillColor": [0.78039, 0.08235, 0.52157],
                              "strokeWidth": 0
                            }
                          ],
                          [
                            "Path",
                            {
                              "applyMatrix": true,
                              "data": {"aecad": {"part": "drill"}},
                              "segments": [
                                [[-1.70079, 19.2], [0, 0.93932], [0, -0.93932]],
                                [[0, 17.49921], [-0.93932, 0], [0.93932, 0]],
                                [[1.70079, 19.2], [0, -0.93932], [0, 0.93932]],
                                [[0, 20.90079], [0.93932, 0], [-0.93932, 0]]
                              ],
                              "closed": true,
                              "fillColor": [0.1451, 0.1451, 0.1451],
                              "strokeWidth": 0
                            }
                          ],
                          [
                            "PointText",
                            {
                              "applyMatrix": false,
                              "matrix": [4.46456, 0, 0, 4.46456, 0, 20.2715],
                              "data": {"aecad": {"part": "ttip"}},
                              "content": "5",
                              "fillColor": [1, 1, 1],
                              "fontSize": 0.8,
                              "leading": 0.96,
                              "justification": "center"
                            }
                          ]
                        ]
                      }
                    ],
                    [
                      "Group",
                      {
                        "applyMatrix": true,
                        "data": {
                          "aecad": {
                            "type": "Pad",
                            "drill": 0.9,
                            "dia": 1.89,
                            "pin": 7,
                            "label": 7
                          }
                        },
                        "children": [
                          [
                            "Shape",
                            {
                              "applyMatrix": false,
                              "matrix": [1, 0, 0, 1, 0, 28.8],
                              "data": {"aecad": {"part": "cu"}},
                              "type": "circle",
                              "size": [7.1433, 7.1433],
                              "radius": 3.57165,
                              "fillColor": [0.78039, 0.08235, 0.52157],
                              "strokeWidth": 0
                            }
                          ],
                          [
                            "Path",
                            {
                              "applyMatrix": true,
                              "data": {"aecad": {"part": "drill"}},
                              "segments": [
                                [[-1.70079, 28.8], [0, 0.93932], [0, -0.93932]],
                                [[0, 27.09921], [-0.93932, 0], [0.93932, 0]],
                                [[1.70079, 28.8], [0, -0.93932], [0, 0.93932]],
                                [[0, 30.50079], [0.93932, 0], [-0.93932, 0]]
                              ],
                              "closed": true,
                              "fillColor": [0.1451, 0.1451, 0.1451],
                              "strokeWidth": 0
                            }
                          ],
                          [
                            "PointText",
                            {
                              "applyMatrix": false,
                              "matrix": [4.46456, 0, 0, 4.46456, 0, 29.8715],
                              "data": {"aecad": {"part": "ttip"}},
                              "content": "7",
                              "fillColor": [1, 1, 1],
                              "fontSize": 0.8,
                              "leading": 0.96,
                              "justification": "center"
                            }
                          ]
                        ]
                      }
                    ],
                    [
                      "Group",
                      {
                        "applyMatrix": true,
                        "data": {
                          "aecad": {
                            "type": "Pad",
                            "drill": 0.9,
                            "dia": 1.89,
                            "pin": 2,
                            "label": 2
                          }
                        },
                        "children": [
                          [
                            "Shape",
                            {
                              "applyMatrix": false,
                              "matrix": [1, 0, 0, 1, 9.6, 0],
                              "data": {"aecad": {"part": "cu"}},
                              "type": "circle",
                              "size": [7.1433, 7.1433],
                              "radius": 3.57165,
                              "fillColor": [0.78039, 0.08235, 0.52157],
                              "strokeWidth": 0
                            }
                          ],
                          [
                            "Path",
                            {
                              "applyMatrix": true,
                              "data": {"aecad": {"part": "drill"}},
                              "segments": [
                                [[7.89921, 0], [0, 0.93932], [0, -0.93932]],
                                [[9.6, -1.70079], [-0.93932, 0], [0.93932, 0]],
                                [[11.30079, 0], [0, -0.93932], [0, 0.93932]],
                                [[9.6, 1.70079], [0.93932, 0], [-0.93932, 0]]
                              ],
                              "closed": true,
                              "fillColor": [0.1451, 0.1451, 0.1451],
                              "strokeWidth": 0
                            }
                          ],
                          [
                            "PointText",
                            {
                              "applyMatrix": false,
                              "matrix": [4.46456, 0, 0, 4.46456, 9.6, 1.07149],
                              "data": {"aecad": {"part": "ttip"}},
                              "content": "2",
                              "fillColor": [1, 1, 1],
                              "fontSize": 0.8,
                              "leading": 0.96,
                              "justification": "center"
                            }
                          ]
                        ]
                      }
                    ],
                    [
                      "Group",
                      {
                        "applyMatrix": true,
                        "data": {
                          "aecad": {
                            "type": "Pad",
                            "drill": 0.9,
                            "dia": 1.89,
                            "pin": 4,
                            "label": 4
                          }
                        },
                        "children": [
                          [
                            "Shape",
                            {
                              "applyMatrix": false,
                              "matrix": [1, 0, 0, 1, 9.6, 9.6],
                              "data": {"aecad": {"part": "cu"}},
                              "type": "circle",
                              "size": [7.1433, 7.1433],
                              "radius": 3.57165,
                              "fillColor": [0.78039, 0.08235, 0.52157],
                              "strokeWidth": 0
                            }
                          ],
                          [
                            "Path",
                            {
                              "applyMatrix": true,
                              "data": {"aecad": {"part": "drill"}},
                              "segments": [
                                [[7.89921, 9.6], [0, 0.93932], [0, -0.93932]],
                                [[9.6, 7.89921], [-0.93932, 0], [0.93932, 0]],
                                [[11.30079, 9.6], [0, -0.93932], [0, 0.93932]],
                                [[9.6, 11.30079], [0.93932, 0], [-0.93932, 0]]
                              ],
                              "closed": true,
                              "fillColor": [0.1451, 0.1451, 0.1451],
                              "strokeWidth": 0
                            }
                          ],
                          [
                            "PointText",
                            {
                              "applyMatrix": false,
                              "matrix": [4.46456, 0, 0, 4.46456, 9.6, 10.6715],
                              "data": {"aecad": {"part": "ttip"}},
                              "content": "4",
                              "fillColor": [1, 1, 1],
                              "fontSize": 0.8,
                              "leading": 0.96,
                              "justification": "center"
                            }
                          ]
                        ]
                      }
                    ],
                    [
                      "Group",
                      {
                        "applyMatrix": true,
                        "data": {
                          "aecad": {
                            "type": "Pad",
                            "drill": 0.9,
                            "dia": 1.89,
                            "pin": 6,
                            "label": 6
                          }
                        },
                        "children": [
                          [
                            "Shape",
                            {
                              "applyMatrix": false,
                              "matrix": [1, 0, 0, 1, 9.6, 19.2],
                              "data": {"aecad": {"part": "cu"}},
                              "type": "circle",
                              "size": [7.1433, 7.1433],
                              "radius": 3.57165,
                              "fillColor": [0.78039, 0.08235, 0.52157],
                              "strokeWidth": 0
                            }
                          ],
                          [
                            "Path",
                            {
                              "applyMatrix": true,
                              "data": {"aecad": {"part": "drill"}},
                              "segments": [
                                [[7.89921, 19.2], [0, 0.93932], [0, -0.93932]],
                                [[9.6, 17.49921], [-0.93932, 0], [0.93932, 0]],
                                [[11.30079, 19.2], [0, -0.93932], [0, 0.93932]],
                                [[9.6, 20.90079], [0.93932, 0], [-0.93932, 0]]
                              ],
                              "closed": true,
                              "fillColor": [0.1451, 0.1451, 0.1451],
                              "strokeWidth": 0
                            }
                          ],
                          [
                            "PointText",
                            {
                              "applyMatrix": false,
                              "matrix": [4.46456, 0, 0, 4.46456, 9.6, 20.2715],
                              "data": {"aecad": {"part": "ttip"}},
                              "content": "6",
                              "fillColor": [1, 1, 1],
                              "fontSize": 0.8,
                              "leading": 0.96,
                              "justification": "center"
                            }
                          ]
                        ]
                      }
                    ],
                    [
                      "Group",
                      {
                        "applyMatrix": true,
                        "data": {
                          "aecad": {
                            "type": "Pad",
                            "drill": 0.9,
                            "dia": 1.89,
                            "pin": 8,
                            "label": 8
                          }
                        },
                        "children": [
                          [
                            "Shape",
                            {
                              "applyMatrix": false,
                              "matrix": [1, 0, 0, 1, 9.6, 28.8],
                              "data": {"aecad": {"part": "cu"}},
                              "type": "circle",
                              "size": [7.1433, 7.1433],
                              "radius": 3.57165,
                              "fillColor": [0.78039, 0.08235, 0.52157],
                              "strokeWidth": 0
                            }
                          ],
                          [
                            "Path",
                            {
                              "applyMatrix": true,
                              "data": {"aecad": {"part": "drill"}},
                              "segments": [
                                [[7.89921, 28.8], [0, 0.93932], [0, -0.93932]],
                                [[9.6, 27.09921], [-0.93932, 0], [0.93932, 0]],
                                [[11.30079, 28.8], [0, -0.93932], [0, 0.93932]],
                                [[9.6, 30.50079], [0.93932, 0], [-0.93932, 0]]
                              ],
                              "closed": true,
                              "fillColor": [0.1451, 0.1451, 0.1451],
                              "strokeWidth": 0
                            }
                          ],
                          [
                            "PointText",
                            {
                              "applyMatrix": false,
                              "matrix": [4.46456, 0, 0, 4.46456, 9.6, 29.8715],
                              "data": {"aecad": {"part": "ttip"}},
                              "content": "8",
                              "fillColor": [1, 1, 1],
                              "fontSize": 0.8,
                              "leading": 0.96,
                              "justification": "center"
                            }
                          ]
                        ]
                      }
                    ]
                  ]
                }
              ]
            ]
          }
        ],
        [
          "Group",
          {
            "applyMatrix": false,
            "matrix": [1, 0, 0, 1, -66.74331, 0],
            "data": {
              "aecad": {
                "type": "Conn",
                "name": "c1",
                "value": "1x2 2.54mm",
                "labels": null,
                "rev": 1,
                "_labels": {"1": "1", "2": "2"},
                "_iface": {"1": 1, "2": 2}
              }
            },
            "children": [
              [
                "Group",
                {
                  "applyMatrix": false,
                  "data": {
                    "aecad": {
                      "type": "PinArray",
                      "pad": {"drill": 0.9, "dia": 1.89},
                      "cols": {"count": 1, "interval": 2.54},
                      "rows": {"count": 2, "interval": 2.54},
                      "dir": "x",
                      "labels": null,
                      "_iface": {"1": 1, "2": 2}
                    }
                  },
                  "children": [
                    [
                      "Group",
                      {
                        "applyMatrix": true,
                        "data": {
                          "aecad": {
                            "type": "Pad",
                            "drill": 0.9,
                            "dia": 1.89,
                            "pin": 1,
                            "label": 1
                          }
                        },
                        "children": [
                          [
                            "Shape",
                            {
                              "applyMatrix": false,
                              "data": {"aecad": {"part": "cu"}},
                              "type": "circle",
                              "size": [7.1433, 7.1433],
                              "radius": 3.57165,
                              "fillColor": [0.78039, 0.08235, 0.52157],
                              "strokeWidth": 0
                            }
                          ],
                          [
                            "Path",
                            {
                              "applyMatrix": true,
                              "data": {"aecad": {"part": "drill"}},
                              "segments": [
                                [[-1.70079, 0], [0, 0.93932], [0, -0.93932]],
                                [[0, -1.70079], [-0.93932, 0], [0.93932, 0]],
                                [[1.70079, 0], [0, -0.93932], [0, 0.93932]],
                                [[0, 1.70079], [0.93932, 0], [-0.93932, 0]]
                              ],
                              "closed": true,
                              "fillColor": [0.1451, 0.1451, 0.1451],
                              "strokeWidth": 0
                            }
                          ],
                          [
                            "PointText",
                            {
                              "applyMatrix": false,
                              "matrix": [4.46456, 0, 0, 4.46456, 0, 1.07149],
                              "data": {"aecad": {"part": "ttip"}},
                              "content": "1",
                              "fillColor": [1, 1, 1],
                              "fontSize": 0.8,
                              "leading": 0.96,
                              "justification": "center"
                            }
                          ]
                        ]
                      }
                    ],
                    [
                      "Group",
                      {
                        "applyMatrix": true,
                        "data": {
                          "aecad": {
                            "type": "Pad",
                            "drill": 0.9,
                            "dia": 1.89,
                            "pin": 2,
                            "label": 2
                          }
                        },
                        "children": [
                          [
                            "Shape",
                            {
                              "applyMatrix": false,
                              "matrix": [1, 0, 0, 1, 0, 9.6],
                              "data": {"aecad": {"part": "cu"}},
                              "type": "circle",
                              "size": [7.1433, 7.1433],
                              "radius": 3.57165,
                              "fillColor": [0.78039, 0.08235, 0.52157],
                              "strokeWidth": 0
                            }
                          ],
                          [
                            "Path",
                            {
                              "applyMatrix": true,
                              "data": {"aecad": {"part": "drill"}},
                              "segments": [
                                [[-1.70079, 9.6], [0, 0.93932], [0, -0.93932]],
                                [[0, 7.89921], [-0.93932, 0], [0.93932, 0]],
                                [[1.70079, 9.6], [0, -0.93932], [0, 0.93932]],
                                [[0, 11.30079], [0.93932, 0], [-0.93932, 0]]
                              ],
                              "closed": true,
                              "fillColor": [0.1451, 0.1451, 0.1451],
                              "strokeWidth": 0
                            }
                          ],
                          [
                            "PointText",
                            {
                              "applyMatrix": false,
                              "matrix": [4.46456, 0, 0, 4.46456, 0, 10.6715],
                              "data": {"aecad": {"part": "ttip"}},
                              "content": "2",
                              "fillColor": [1, 1, 1],
                              "fontSize": 0.8,
                              "leading": 0.96,
                              "justification": "center"
                            }
                          ]
                        ]
                      }
                    ]
                  ]
                }
              ]
            ]
          }
        ]
      ]
    }
  ]
]