[
  [
    "aeCAD",
    {
      "name": "aeCAD by Aktos Electronics",
      "website": "https://aktos.io/aecad",
      "dependencies": {"aecad": "908f46a"}
    }
  ],
  [
    "Layer",
    {
      "name": "scripting",
      "applyMatrix": true,
      "selected": true,
      "children": [
        [
          "Group",
          {
            "applyMatrix": false,
            "matrix": [1, 0, 0, 1, -304.20472, 0],
            "data": {
              "aecad": {
                "type": "DG142V_5_08_XXP",
                "name": "c8",
                "value": "4 terminals",
                "labels": null,
                "rev": 2,
                "_labels": {
                  "1": "1",
                  "2": "1",
                  "3": "2",
                  "4": "2",
                  "5": "3",
                  "6": "3",
                  "7": "4",
                  "8": "4"
                },
                "_iface": {
                  "1": 1,
                  "2": 1,
                  "3": 2,
                  "4": 2,
                  "5": 3,
                  "6": 3,
                  "7": 4,
                  "8": 4
                },
                "orig_labels": null
              }
            },
            "children": [
              [
                "Group",
                {
                  "applyMatrix": false,
                  "data": {
                    "aecad": {
                      "type": "PinArray",
                      "pad": {"drill": 1.2, "dia": 2.6},
                      "cols": {"count": 2, "interval": 7.62},
                      "rows": {"count": "4", "interval": 5.08},
                      "dir": "x",
                      "labels": {
                        "1": 1,
                        "2": 1,
                        "3": 2,
                        "4": 2,
                        "5": 3,
                        "6": 3,
                        "7": 4,
                        "8": 4,
                        "9": 5,
                        "10": 5
                      },
                      "allowDuplicateLabels": true,
                      "border": {
                        "height": 23.02,
                        "width": 13.6,
                        "offsetX": 1.5,
                        "offsetY": 1.35
                      },
                      "_iface": {
                        "1": 1,
                        "2": 1,
                        "3": 2,
                        "4": 2,
                        "5": 3,
                        "6": 3,
                        "7": 4,
                        "8": 4
                      }
                    }
                  },
                  "children": [
                    [
                      "Group",
                      {
                        "applyMatrix": true,
                        "data": {
                          "aecad": {
                            "type": "Pad",
                            "drill": 1.2,
                            "dia": 2.6,
                            "pin": 1,
                            "label": 1
                          }
                        },
                        "children": [
                          [
                            "Shape",
                            {
                              "applyMatrix": false,
                              "data": {"aecad": {"part": "cu"}},
                              "type": "circle",
                              "size": [9.82678, 9.82678],
                              "radius": 4.91339,
                              "fillColor": [0.78039, 0.08235, 0.52157],
                              "strokeWidth": 0
                            }
                          ],
                          [
                            "Path",
                            {
                              "applyMatrix": true,
                              "data": {"aecad": {"part": "drill"}},
                              "segments": [
                                [[-2.26772, 0], [0, 1.25243], [0, -1.25243]],
                                [[0, -2.26772], [-1.25243, 0], [1.25243, 0]],
                                [[2.26772, 0], [0, -1.25243], [0, 1.25243]],
                                [[0, 2.26772], [1.25243, 0], [-1.25243, 0]]
                              ],
                              "closed": true,
                              "fillColor": [0.1451, 0.1451, 0.1451],
                              "strokeWidth": 0
                            }
                          ],
                          [
                            "PointText",
                            {
                              "applyMatrix": false,
                              "matrix": [6.14174, 0, 0, 6.14174, 0, 1.47402],
                              "data": {"aecad": {"part": "ttip"}},
                              "content": "1",
                              "fillColor": [1, 1, 1],
                              "fontSize": 0.8,
                              "leading": 0.96,
                              "justification": "center"
                            }
                          ]
                        ]
                      }
                    ],
                    [
                      "Group",
                      {
                        "applyMatrix": true,
                        "data": {
                          "aecad": {
                            "type": "Pad",
                            "drill": 1.2,
                            "dia": 2.6,
                            "pin": 3,
                            "label": 2
                          }
                        },
                        "children": [
                          [
                            "Shape",
                            {
                              "applyMatrix": false,
                              "matrix": [1, 0, 0, 1, 0, 19.2],
                              "data": {"aecad": {"part": "cu"}},
                              "type": "circle",
                              "size": [9.82678, 9.82678],
                              "radius": 4.91339,
                              "fillColor": [0.78039, 0.08235, 0.52157],
                              "strokeWidth": 0
                            }
                          ],
                          [
                            "Path",
                            {
                              "applyMatrix": true,
                              "data": {"aecad": {"part": "drill"}},
                              "segments": [
                                [[-2.26772, 19.2], [0, 1.25243], [0, -1.25243]],
                                [[0, 16.93228], [-1.25243, 0], [1.25243, 0]],
                                [[2.26772, 19.2], [0, -1.25243], [0, 1.25243]],
                                [[0, 21.46772], [1.25243, 0], [-1.25243, 0]]
                              ],
                              "closed": true,
                              "fillColor": [0.1451, 0.1451, 0.1451],
                              "strokeWidth": 0
                            }
                          ],
                          [
                            "PointText",
                            {
                              "applyMatrix": false,
                              "matrix": [6.14174, 0, 0, 6.14174, 0, 20.67402],
                              "data": {"aecad": {"part": "ttip"}},
                              "content": "2",
                              "fillColor": [1, 1, 1],
                              "fontSize": 0.8,
                              "leading": 0.96,
                              "justification": "center"
                            }
                          ]
                        ]
                      }
                    ],
                    [
                      "Group",
                      {
                        "applyMatrix": true,
                        "data": {
                          "aecad": {
                            "type": "Pad",
                            "drill": 1.2,
                            "dia": 2.6,
                            "pin": 5,
                            "label": 3
                          }
                        },
                        "children": [
                          [
                            "Shape",
                            {
                              "applyMatrix": false,
                              "matrix": [1, 0, 0, 1, 0, 38.4],
                              "data": {"aecad": {"part": "cu"}},
                              "type": "circle",
                              "size": [9.82678, 9.82678],
                              "radius": 4.91339,
                              "fillColor": [0.78039, 0.08235, 0.52157],
                              "strokeWidth": 0
                            }
                          ],
                          [
                            "Path",
                            {
                              "applyMatrix": true,
                              "data": {"aecad": {"part": "drill"}},
                              "segments": [
                                [[-2.26772, 38.4], [0, 1.25243], [0, -1.25243]],
                                [[0, 36.13228], [-1.25243, 0], [1.25243, 0]],
                                [[2.26772, 38.4], [0, -1.25243], [0, 1.25243]],
                                [[0, 40.66772], [1.25243, 0], [-1.25243, 0]]
                              ],
                              "closed": true,
                              "fillColor": [0.1451, 0.1451, 0.1451],
                              "strokeWidth": 0
                            }
                          ],
                          [
                            "PointText",
                            {
                              "applyMatrix": false,
                              "matrix": [6.14174, 0, 0, 6.14174, 0, 39.87402],
                              "data": {"aecad": {"part": "ttip"}},
                              "content": "3",
                              "fillColor": [1, 1, 1],
                              "fontSize": 0.8,
                              "leading": 0.96,
                              "justification": "center"
                            }
                          ]
                        ]
                      }
                    ],
                    [
                      "Group",
                      {
                        "applyMatrix": true,
                        "data": {
                          "aecad": {
                            "type": "Pad",
                            "drill": 1.2,
                            "dia": 2.6,
                            "pin": 7,
                            "label": 4
                          }
                        },
                        "children": [
                          [
                            "Shape",
                            {
                              "applyMatrix": false,
                              "matrix": [1, 0, 0, 1, 0, 57.6],
                              "data": {"aecad": {"part": "cu"}},
                              "type": "circle",
                              "size": [9.82678, 9.82678],
                              "radius": 4.91339,
                              "fillColor": [0.78039, 0.08235, 0.52157],
                              "strokeWidth": 0
                            }
                          ],
                          [
                            "Path",
                            {
                              "applyMatrix": true,
                              "data": {"aecad": {"part": "drill"}},
                              "segments": [
                                [[-2.26772, 57.6], [0, 1.25243], [0, -1.25243]],
                                [[0, 55.33228], [-1.25243, 0], [1.25243, 0]],
                                [[2.26772, 57.6], [0, -1.25243], [0, 1.25243]],
                                [[0, 59.86772], [1.25243, 0], [-1.25243, 0]]
                              ],
                              "closed": true,
                              "fillColor": [0.1451, 0.1451, 0.1451],
                              "strokeWidth": 0
                            }
                          ],
                          [
                            "PointText",
                            {
                              "applyMatrix": false,
                              "matrix": [6.14174, 0, 0, 6.14174, 0, 59.07402],
                              "data": {"aecad": {"part": "ttip"}},
                              "content": "4",
                              "fillColor": [1, 1, 1],
                              "fontSize": 0.8,
                              "leading": 0.96,
                              "justification": "center"
                            }
                          ]
                        ]
                      }
                    ],
                    [
                      "Group",
                      {
                        "applyMatrix": true,
                        "data": {
                          "aecad": {
                            "type": "Pad",
                            "drill": 1.2,
                            "dia": 2.6,
                            "pin": 2,
                            "label": 1
                          }
                        },
                        "children": [
                          [
                            "Shape",
                            {
                              "applyMatrix": false,
                              "matrix": [1, 0, 0, 1, 28.8, 0],
                              "data": {"aecad": {"part": "cu"}},
                              "type": "circle",
                              "size": [9.82678, 9.82678],
                              "radius": 4.91339,
                              "fillColor": [0.78039, 0.08235, 0.52157],
                              "strokeWidth": 0
                            }
                          ],
                          [
                            "Path",
                            {
                              "applyMatrix": true,
                              "data": {"aecad": {"part": "drill"}},
                              "segments": [
                                [[26.53228, 0], [0, 1.25243], [0, -1.25243]],
                                [[28.8, -2.26772], [-1.25243, 0], [1.25243, 0]],
                                [[31.06772, 0], [0, -1.25243], [0, 1.25243]],
                                [[28.8, 2.26772], [1.25243, 0], [-1.25243, 0]]
                              ],
                              "closed": true,
                              "fillColor": [0.1451, 0.1451, 0.1451],
                              "strokeWidth": 0
                            }
                          ],
                          [
                            "PointText",
                            {
                              "applyMatrix": false,
                              "matrix": [6.14174, 0, 0, 6.14174, 28.8, 1.47402],
                              "data": {"aecad": {"part": "ttip"}},
                              "content": "1",
                              "fillColor": [1, 1, 1],
                              "fontSize": 0.8,
                              "leading": 0.96,
                              "justification": "center"
                            }
                          ]
                        ]
                      }
                    ],
                    [
                      "Group",
                      {
                        "applyMatrix": true,
                        "data": {
                          "aecad": {
                            "type": "Pad",
                            "drill": 1.2,
                            "dia": 2.6,
                            "pin": 4,
                            "label": 2
                          }
                        },
                        "children": [
                          [
                            "Shape",
                            {
                              "applyMatrix": false,
                              "matrix": [1, 0, 0, 1, 28.8, 19.2],
                              "data": {"aecad": {"part": "cu"}},
                              "type": "circle",
                              "size": [9.82678, 9.82678],
                              "radius": 4.91339,
                              "fillColor": [0.78039, 0.08235, 0.52157],
                              "strokeWidth": 0
                            }
                          ],
                          [
                            "Path",
                            {
                              "applyMatrix": true,
                              "data": {"aecad": {"part": "drill"}},
                              "segments": [
                                [[26.53228, 19.2], [0, 1.25243], [0, -1.25243]],
                                [[28.8, 16.93228], [-1.25243, 0], [1.25243, 0]],
                                [[31.06772, 19.2], [0, -1.25243], [0, 1.25243]],
                                [[28.8, 21.46772], [1.25243, 0], [-1.25243, 0]]
                              ],
                              "closed": true,
                              "fillColor": [0.1451, 0.1451, 0.1451],
                              "strokeWidth": 0
                            }
                          ],
                          [
                            "PointText",
                            {
                              "applyMatrix": false,
                              "matrix": [
                                6.14174,
                                0,
                                0,
                                6.14174,
                                28.8,
                                20.67402
                              ],
                              "data": {"aecad": {"part": "ttip"}},
                              "content": "2",
                              "fillColor": [1, 1, 1],
                              "fontSize": 0.8,
                              "leading": 0.96,
                              "justification": "center"
                            }
                          ]
                        ]
                      }
                    ],
                    [
                      "Group",
                      {
                        "applyMatrix": true,
                        "data": {
                          "aecad": {
                            "type": "Pad",
                            "drill": 1.2,
                            "dia": 2.6,
                            "pin": 6,
                            "label": 3
                          }
                        },
                        "children": [
                          [
                            "Shape",
                            {
                              "applyMatrix": false,
                              "matrix": [1, 0, 0, 1, 28.8, 38.4],
                              "data": {"aecad": {"part": "cu"}},
                              "type": "circle",
                              "size": [9.82678, 9.82678],
                              "radius": 4.91339,
                              "fillColor": [0.78039, 0.08235, 0.52157],
                              "strokeWidth": 0
                            }
                          ],
                          [
                            "Path",
                            {
                              "applyMatrix": true,
                              "data": {"aecad": {"part": "drill"}},
                              "segments": [
                                [[26.53228, 38.4], [0, 1.25243], [0, -1.25243]],
                                [[28.8, 36.13228], [-1.25243, 0], [1.25243, 0]],
                                [[31.06772, 38.4], [0, -1.25243], [0, 1.25243]],
                                [[28.8, 40.66772], [1.25243, 0], [-1.25243, 0]]
                              ],
                              "closed": true,
                              "fillColor": [0.1451, 0.1451, 0.1451],
                              "strokeWidth": 0
                            }
                          ],
                          [
                            "PointText",
                            {
                              "applyMatrix": false,
                              "matrix": [
                                6.14174,
                                0,
                                0,
                                6.14174,
                                28.8,
                                39.87402
                              ],
                              "data": {"aecad": {"part": "ttip"}},
                              "content": "3",
                              "fillColor": [1, 1, 1],
                              "fontSize": 0.8,
                              "leading": 0.96,
                              "justification": "center"
                            }
                          ]
                        ]
                      }
                    ],
                    [
                      "Group",
                      {
                        "applyMatrix": true,
                        "data": {
                          "aecad": {
                            "type": "Pad",
                            "drill": 1.2,
                            "dia": 2.6,
                            "pin": 8,
                            "label": 4
                          }
                        },
                        "children": [
                          [
                            "Shape",
                            {
                              "applyMatrix": false,
                              "matrix": [1, 0, 0, 1, 28.8, 57.6],
                              "data": {"aecad": {"part": "cu"}},
                              "type": "circle",
                              "size": [9.82678, 9.82678],
                              "radius": 4.91339,
                              "fillColor": [0.78039, 0.08235, 0.52157],
                              "strokeWidth": 0
                            }
                          ],
                          [
                            "Path",
                            {
                              "applyMatrix": true,
                              "data": {"aecad": {"part": "drill"}},
                              "segments": [
                                [[26.53228, 57.6], [0, 1.25243], [0, -1.25243]],
                                [[28.8, 55.33228], [-1.25243, 0], [1.25243, 0]],
                                [[31.06772, 57.6], [0, -1.25243], [0, 1.25243]],
                                [[28.8, 59.86772], [1.25243, 0], [-1.25243, 0]]
                              ],
                              "closed": true,
                              "fillColor": [0.1451, 0.1451, 0.1451],
                              "strokeWidth": 0
                            }
                          ],
                          [
                            "PointText",
                            {
                              "applyMatrix": false,
                              "matrix": [
                                6.14174,
                                0,
                                0,
                                6.14174,
                                28.8,
                                59.07402
                              ],
                              "data": {"aecad": {"part": "ttip"}},
                              "content": "4",
                              "fillColor": [1, 1, 1],
                              "fontSize": 0.8,
                              "leading": 0.96,
                              "justification": "center"
                            }
                          ]
                        ]
                      }
                    ]
                  ]
                }
              ],
              [
                "Shape",
                {
                  "applyMatrix": false,
                  "matrix": [1, 0, 0, 1, 20.06929, 33.90236],
                  "data": {"aecad": {"part": "border1"}},
                  "type": "rectangle",
                  "size": [51.40157, 87.00472],
                  "radius": [0.3, 0.3],
                  "strokeColor": [1, 0.07843, 0.57647],
                  "strokeWidth": 0.2
                }
              ]
            ]
          }
        ],
        [
          "Group",
          {
            "applyMatrix": false,
            "matrix": [1, 0, 0, 1, -202.80315, 0],
            "data": {
              "aecad": {
                "type": "DG142V_5_08_XXP",
                "name": "c7",
                "value": "6 terminals",
                "labels": null,
                "rev": 2,
                "_labels": {
                  "1": "1",
                  "2": "1",
                  "3": "2",
                  "4": "2",
                  "5": "3",
                  "6": "3",
                  "7": "4",
                  "8": "4",
                  "9": "5",
                  "10": "5",
                  "11": "6",
                  "12": "6"
                },
                "_iface": {
                  "1": 1,
                  "2": 1,
                  "3": 2,
                  "4": 2,
                  "5": 3,
                  "6": 3,
                  "7": 4,
                  "8": 4,
                  "9": 5,
                  "10": 5,
                  "11": 6,
                  "12": 6
                },
                "orig_labels": null
              }
            },
            "children": [
              [
                "Group",
                {
                  "applyMatrix": false,
                  "data": {
                    "aecad": {
                      "type": "PinArray",
                      "pad": {"drill": 1.2, "dia": 2.6},
                      "cols": {"count": 2, "interval": 7.62},
                      "rows": {"count": "6", "interval": 5.08},
                      "dir": "x",
                      "labels": {
                        "1": 1,
                        "2": 1,
                        "3": 2,
                        "4": 2,
                        "5": 3,
                        "6": 3,
                        "7": 4,
                        "8": 4,
                        "9": 5,
                        "10": 5,
                        "11": 6,
                        "12": 6,
                        "13": 7,
                        "14": 7
                      },
                      "allowDuplicateLabels": true,
                      "border": {
                        "height": 33.18,
                        "width": 13.6,
                        "offsetX": 1.5,
                        "offsetY": 1.35
                      },
                      "_iface": {
                        "1": 1,
                        "2": 1,
                        "3": 2,
                        "4": 2,
                        "5": 3,
                        "6": 3,
                        "7": 4,
                        "8": 4,
                        "9": 5,
                        "10": 5,
                        "11": 6,
                        "12": 6
                      }
                    }
                  },
                  "children": [
                    [
                      "Group",
                      {
                        "applyMatrix": true,
                        "data": {
                          "aecad": {
                            "type": "Pad",
                            "drill": 1.2,
                            "dia": 2.6,
                            "pin": 1,
                            "label": 1
                          }
                        },
                        "children": [
                          [
                            "Shape",
                            {
                              "applyMatrix": false,
                              "data": {"aecad": {"part": "cu"}},
                              "type": "circle",
                              "size": [9.82678, 9.82678],
                              "radius": 4.91339,
                              "fillColor": [0.78039, 0.08235, 0.52157],
                              "strokeWidth": 0
                            }
                          ],
                          [
                            "Path",
                            {
                              "applyMatrix": true,
                              "data": {"aecad": {"part": "drill"}},
                              "segments": [
                                [[-2.26772, 0], [0, 1.25243], [0, -1.25243]],
                                [[0, -2.26772], [-1.25243, 0], [1.25243, 0]],
                                [[2.26772, 0], [0, -1.25243], [0, 1.25243]],
                                [[0, 2.26772], [1.25243, 0], [-1.25243, 0]]
                              ],
                              "closed": true,
                              "fillColor": [0.1451, 0.1451, 0.1451],
                              "strokeWidth": 0
                            }
                          ],
                          [
                            "PointText",
                            {
                              "applyMatrix": false,
                              "matrix": [6.14174, 0, 0, 6.14174, 0, 1.47402],
                              "data": {"aecad": {"part": "ttip"}},
                              "content": "1",
                              "fillColor": [1, 1, 1],
                              "fontSize": 0.8,
                              "leading": 0.96,
                              "justification": "center"
                            }
                          ]
                        ]
                      }
                    ],
                    [
                      "Group",
                      {
                        "applyMatrix": true,
                        "data": {
                          "aecad": {
                            "type": "Pad",
                            "drill": 1.2,
                            "dia": 2.6,
                            "pin": 3,
                            "label": 2
                          }
                        },
                        "children": [
                          [
                            "Shape",
                            {
                              "applyMatrix": false,
                              "matrix": [1, 0, 0, 1, 0, 19.2],
                              "data": {"aecad": {"part": "cu"}},
                              "type": "circle",
                              "size": [9.82678, 9.82678],
                              "radius": 4.91339,
                              "fillColor": [0.78039, 0.08235, 0.52157],
                              "strokeWidth": 0
                            }
                          ],
                          [
                            "Path",
                            {
                              "applyMatrix": true,
                              "data": {"aecad": {"part": "drill"}},
                              "segments": [
                                [[-2.26772, 19.2], [0, 1.25243], [0, -1.25243]],
                                [[0, 16.93228], [-1.25243, 0], [1.25243, 0]],
                                [[2.26772, 19.2], [0, -1.25243], [0, 1.25243]],
                                [[0, 21.46772], [1.25243, 0], [-1.25243, 0]]
                              ],
                              "closed": true,
                              "fillColor": [0.1451, 0.1451, 0.1451],
                              "strokeWidth": 0
                            }
                          ],
                          [
                            "PointText",
                            {
                              "applyMatrix": false,
                              "matrix": [6.14174, 0, 0, 6.14174, 0, 20.67402],
                              "data": {"aecad": {"part": "ttip"}},
                              "content": "2",
                              "fillColor": [1, 1, 1],
                              "fontSize": 0.8,
                              "leading": 0.96,
                              "justification": "center"
                            }
                          ]
                        ]
                      }
                    ],
                    [
                      "Group",
                      {
                        "applyMatrix": true,
                        "data": {
                          "aecad": {
                            "type": "Pad",
                            "drill": 1.2,
                            "dia": 2.6,
                            "pin": 5,
                            "label": 3
                          }
                        },
                        "children": [
                          [
                            "Shape",
                            {
                              "applyMatrix": false,
                              "matrix": [1, 0, 0, 1, 0, 38.4],
                              "data": {"aecad": {"part": "cu"}},
                              "type": "circle",
                              "size": [9.82678, 9.82678],
                              "radius": 4.91339,
                              "fillColor": [0.78039, 0.08235, 0.52157],
                              "strokeWidth": 0
                            }
                          ],
                          [
                            "Path",
                            {
                              "applyMatrix": true,
                              "data": {"aecad": {"part": "drill"}},
                              "segments": [
                                [[-2.26772, 38.4], [0, 1.25243], [0, -1.25243]],
                                [[0, 36.13228], [-1.25243, 0], [1.25243, 0]],
                                [[2.26772, 38.4], [0, -1.25243], [0, 1.25243]],
                                [[0, 40.66772], [1.25243, 0], [-1.25243, 0]]
                              ],
                              "closed": true,
                              "fillColor": [0.1451, 0.1451, 0.1451],
                              "strokeWidth": 0
                            }
                          ],
                          [
                            "PointText",
                            {
                              "applyMatrix": false,
                              "matrix": [6.14174, 0, 0, 6.14174, 0, 39.87402],
                              "data": {"aecad": {"part": "ttip"}},
                              "content": "3",
                              "fillColor": [1, 1, 1],
                              "fontSize": 0.8,
                              "leading": 0.96,
                              "justification": "center"
                            }
                          ]
                        ]
                      }
                    ],
                    [
                      "Group",
                      {
                        "applyMatrix": true,
                        "data": {
                          "aecad": {
                            "type": "Pad",
                            "drill": 1.2,
                            "dia": 2.6,
                            "pin": 7,
                            "label": 4
                          }
                        },
                        "children": [
                          [
                            "Shape",
                            {
                              "applyMatrix": false,
                              "matrix": [1, 0, 0, 1, 0, 57.6],
                              "data": {"aecad": {"part": "cu"}},
                              "type": "circle",
                              "size": [9.82678, 9.82678],
                              "radius": 4.91339,
                              "fillColor": [0.78039, 0.08235, 0.52157],
                              "strokeWidth": 0
                            }
                          ],
                          [
                            "Path",
                            {
                              "applyMatrix": true,
                              "data": {"aecad": {"part": "drill"}},
                              "segments": [
                                [[-2.26772, 57.6], [0, 1.25243], [0, -1.25243]],
                                [[0, 55.33228], [-1.25243, 0], [1.25243, 0]],
                                [[2.26772, 57.6], [0, -1.25243], [0, 1.25243]],
                                [[0, 59.86772], [1.25243, 0], [-1.25243, 0]]
                              ],
                              "closed": true,
                              "fillColor": [0.1451, 0.1451, 0.1451],
                              "strokeWidth": 0
                            }
                          ],
                          [
                            "PointText",
                            {
                              "applyMatrix": false,
                              "matrix": [6.14174, 0, 0, 6.14174, 0, 59.07402],
                              "data": {"aecad": {"part": "ttip"}},
                              "content": "4",
                              "fillColor": [1, 1, 1],
                              "fontSize": 0.8,
                              "leading": 0.96,
                              "justification": "center"
                            }
                          ]
                        ]
                      }
                    ],
                    [
                      "Group",
                      {
                        "applyMatrix": true,
                        "data": {
                          "aecad": {
                            "type": "Pad",
                            "drill": 1.2,
                            "dia": 2.6,
                            "pin": 9,
                            "label": 5
                          }
                        },
                        "children": [
                          [
                            "Shape",
                            {
                              "applyMatrix": false,
                              "matrix": [1, 0, 0, 1, 0, 76.8],
                              "data": {"aecad": {"part": "cu"}},
                              "type": "circle",
                              "size": [9.82678, 9.82678],
                              "radius": 4.91339,
                              "fillColor": [0.78039, 0.08235, 0.52157],
                              "strokeWidth": 0
                            }
                          ],
                          [
                            "Path",
                            {
                              "applyMatrix": true,
                              "data": {"aecad": {"part": "drill"}},
                              "segments": [
                                [[-2.26772, 76.8], [0, 1.25243], [0, -1.25243]],
                                [[0, 74.53228], [-1.25243, 0], [1.25243, 0]],
                                [[2.26772, 76.8], [0, -1.25243], [0, 1.25243]],
                                [[0, 79.06772], [1.25243, 0], [-1.25243, 0]]
                              ],
                              "closed": true,
                              "fillColor": [0.1451, 0.1451, 0.1451],
                              "strokeWidth": 0
                            }
                          ],
                          [
                            "PointText",
                            {
                              "applyMatrix": false,
                              "matrix": [6.14174, 0, 0, 6.14174, 0, 78.27402],
                              "data": {"aecad": {"part": "ttip"}},
                              "content": "5",
                              "fillColor": [1, 1, 1],
                              "fontSize": 0.8,
                              "leading": 0.96,
                              "justification": "center"
                            }
                          ]
                        ]
                      }
                    ],
                    [
                      "Group",
                      {
                        "applyMatrix": true,
                        "data": {
                          "aecad": {
                            "type": "Pad",
                            "drill": 1.2,
                            "dia": 2.6,
                            "pin": 11,
                            "label": 6
                          }
                        },
                        "children": [
                          [
                            "Shape",
                            {
                              "applyMatrix": false,
                              "matrix": [1, 0, 0, 1, 0, 96],
                              "data": {"aecad": {"part": "cu"}},
                              "type": "circle",
                              "size": [9.82678, 9.82678],
                              "radius": 4.91339,
                              "fillColor": [0.78039, 0.08235, 0.52157],
                              "strokeWidth": 0
                            }
                          ],
                          [
                            "Path",
                            {
                              "applyMatrix": true,
                              "data": {"aecad": {"part": "drill"}},
                              "segments": [
                                [[-2.26772, 96], [0, 1.25243], [0, -1.25243]],
                                [[0, 93.73228], [-1.25243, 0], [1.25243, 0]],
                                [[2.26772, 96], [0, -1.25243], [0, 1.25243]],
                                [[0, 98.26772], [1.25243, 0], [-1.25243, 0]]
                              ],
                              "closed": true,
                              "fillColor": [0.1451, 0.1451, 0.1451],
                              "strokeWidth": 0
                            }
                          ],
                          [
                            "PointText",
                            {
                              "applyMatrix": false,
                              "matrix": [6.14174, 0, 0, 6.14174, 0, 97.47402],
                              "data": {"aecad": {"part": "ttip"}},
                              "content": "6",
                              "fillColor": [1, 1, 1],
                              "fontSize": 0.8,
                              "leading": 0.96,
                              "justification": "center"
                            }
                          ]
                        ]
                      }
                    ],
                    [
                      "Group",
                      {
                        "applyMatrix": true,
                        "data": {
                          "aecad": {
                            "type": "Pad",
                            "drill": 1.2,
                            "dia": 2.6,
                            "pin": 2,
                            "label": 1
                          }
                        },
                        "children": [
                          [
                            "Shape",
                            {
                              "applyMatrix": false,
                              "matrix": [1, 0, 0, 1, 28.8, 0],
                              "data": {"aecad": {"part": "cu"}},
                              "type": "circle",
                              "size": [9.82678, 9.82678],
                              "radius": 4.91339,
                              "fillColor": [0.78039, 0.08235, 0.52157],
                              "strokeWidth": 0
                            }
                          ],
                          [
                            "Path",
                            {
                              "applyMatrix": true,
                              "data": {"aecad": {"part": "drill"}},
                              "segments": [
                                [[26.53228, 0], [0, 1.25243], [0, -1.25243]],
                                [[28.8, -2.26772], [-1.25243, 0], [1.25243, 0]],
                                [[31.06772, 0], [0, -1.25243], [0, 1.25243]],
                                [[28.8, 2.26772], [1.25243, 0], [-1.25243, 0]]
                              ],
                              "closed": true,
                              "fillColor": [0.1451, 0.1451, 0.1451],
                              "strokeWidth": 0
                            }
                          ],
                          [
                            "PointText",
                            {
                              "applyMatrix": false,
                              "matrix": [6.14174, 0, 0, 6.14174, 28.8, 1.47402],
                              "data": {"aecad": {"part": "ttip"}},
                              "content": "1",
                              "fillColor": [1, 1, 1],
                              "fontSize": 0.8,
                              "leading": 0.96,
                              "justification": "center"
                            }
                          ]
                        ]
                      }
                    ],
                    [
                      "Group",
                      {
                        "applyMatrix": true,
                        "data": {
                          "aecad": {
                            "type": "Pad",
                            "drill": 1.2,
                            "dia": 2.6,
                            "pin": 4,
                            "label": 2
                          }
                        },
                        "children": [
                          [
                            "Shape",
                            {
                              "applyMatrix": false,
                              "matrix": [1, 0, 0, 1, 28.8, 19.2],
                              "data": {"aecad": {"part": "cu"}},
                              "type": "circle",
                              "size": [9.82678, 9.82678],
                              "radius": 4.91339,
                              "fillColor": [0.78039, 0.08235, 0.52157],
                              "strokeWidth": 0
                            }
                          ],
                          [
                            "Path",
                            {
                              "applyMatrix": true,
                              "data": {"aecad": {"part": "drill"}},
                              "segments": [
                                [[26.53228, 19.2], [0, 1.25243], [0, -1.25243]],
                                [[28.8, 16.93228], [-1.25243, 0], [1.25243, 0]],
                                [[31.06772, 19.2], [0, -1.25243], [0, 1.25243]],
                                [[28.8, 21.46772], [1.25243, 0], [-1.25243, 0]]
                              ],
                              "closed": true,
                              "fillColor": [0.1451, 0.1451, 0.1451],
                              "strokeWidth": 0
                            }
                          ],
                          [
                            "PointText",
                            {
                              "applyMatrix": false,
                              "matrix": [
                                6.14174,
                                0,
                                0,
                                6.14174,
                                28.8,
                                20.67402
                              ],
                              "data": {"aecad": {"part": "ttip"}},
                              "content": "2",
                              "fillColor": [1, 1, 1],
                              "fontSize": 0.8,
                              "leading": 0.96,
                              "justification": "center"
                            }
                          ]
                        ]
                      }
                    ],
                    [
                      "Group",
                      {
                        "applyMatrix": true,
                        "data": {
                          "aecad": {
                            "type": "Pad",
                            "drill": 1.2,
                            "dia": 2.6,
                            "pin": 6,
                            "label": 3
                          }
                        },
                        "children": [
                          [
                            "Shape",
                            {
                              "applyMatrix": false,
                              "matrix": [1, 0, 0, 1, 28.8, 38.4],
                              "data": {"aecad": {"part": "cu"}},
                              "type": "circle",
                              "size": [9.82678, 9.82678],
                              "radius": 4.91339,
                              "fillColor": [0.78039, 0.08235, 0.52157],
                              "strokeWidth": 0
                            }
                          ],
                          [
                            "Path",
                            {
                              "applyMatrix": true,
                              "data": {"aecad": {"part": "drill"}},
                              "segments": [
                                [[26.53228, 38.4], [0, 1.25243], [0, -1.25243]],
                                [[28.8, 36.13228], [-1.25243, 0], [1.25243, 0]],
                                [[31.06772, 38.4], [0, -1.25243], [0, 1.25243]],
                                [[28.8, 40.66772], [1.25243, 0], [-1.25243, 0]]
                              ],
                              "closed": true,
                              "fillColor": [0.1451, 0.1451, 0.1451],
                              "strokeWidth": 0
                            }
                          ],
                          [
                            "PointText",
                            {
                              "applyMatrix": false,
                              "matrix": [
                                6.14174,
                                0,
                                0,
                                6.14174,
                                28.8,
                                39.87402
                              ],
                              "data": {"aecad": {"part": "ttip"}},
                              "content": "3",
                              "fillColor": [1, 1, 1],
                              "fontSize": 0.8,
                              "leading": 0.96,
                              "justification": "center"
                            }
                          ]
                        ]
                      }
                    ],
                    [
                      "Group",
                      {
                        "applyMatrix": true,
                        "data": {
                          "aecad": {
                            "type": "Pad",
                            "drill": 1.2,
                            "dia": 2.6,
                            "pin": 8,
                            "label": 4
                          }
                        },
                        "children": [
                          [
                            "Shape",
                            {
                              "applyMatrix": false,
                              "matrix": [1, 0, 0, 1, 28.8, 57.6],
                              "data": {"aecad": {"part": "cu"}},
                              "type": "circle",
                              "size": [9.82678, 9.82678],
                              "radius": 4.91339,
                              "fillColor": [0.78039, 0.08235, 0.52157],
                              "strokeWidth": 0
                            }
                          ],
                          [
                            "Path",
                            {
                              "applyMatrix": true,
                              "data": {"aecad": {"part": "drill"}},
                              "segments": [
                                [[26.53228, 57.6], [0, 1.25243], [0, -1.25243]],
                                [[28.8, 55.33228], [-1.25243, 0], [1.25243, 0]],
                                [[31.06772, 57.6], [0, -1.25243], [0, 1.25243]],
                                [[28.8, 59.86772], [1.25243, 0], [-1.25243, 0]]
                              ],
                              "closed": true,
                              "fillColor": [0.1451, 0.1451, 0.1451],
                              "strokeWidth": 0
                            }
                          ],
                          [
                            "PointText",
                            {
                              "applyMatrix": false,
                              "matrix": [
                                6.14174,
                                0,
                                0,
                                6.14174,
                                28.8,
                                59.07402
                              ],
                              "data": {"aecad": {"part": "ttip"}},
                              "content": "4",
                              "fillColor": [1, 1, 1],
                              "fontSize": 0.8,
                              "leading": 0.96,
                              "justification": "center"
                            }
                          ]
                        ]
                      }
                    ],
                    [
                      "Group",
                      {
                        "applyMatrix": true,
                        "data": {
                          "aecad": {
                            "type": "Pad",
                            "drill": 1.2,
                            "dia": 2.6,
                            "pin": 10,
                            "label": 5
                          }
                        },
                        "children": [
                          [
                            "Shape",
                            {
                              "applyMatrix": false,
                              "matrix": [1, 0, 0, 1, 28.8, 76.8],
                              "data": {"aecad": {"part": "cu"}},
                              "type": "circle",
                              "size": [9.82678, 9.82678],
                              "radius": 4.91339,
                              "fillColor": [0.78039, 0.08235, 0.52157],
                              "strokeWidth": 0
                            }
                          ],
                          [
                            "Path",
                            {
                              "applyMatrix": true,
                              "data": {"aecad": {"part": "drill"}},
                              "segments": [
                                [[26.53228, 76.8], [0, 1.25243], [0, -1.25243]],
                                [[28.8, 74.53228], [-1.25243, 0], [1.25243, 0]],
                                [[31.06772, 76.8], [0, -1.25243], [0, 1.25243]],
                                [[28.8, 79.06772], [1.25243, 0], [-1.25243, 0]]
                              ],
                              "closed": true,
                              "fillColor": [0.1451, 0.1451, 0.1451],
                              "strokeWidth": 0
                            }
                          ],
                          [
                            "PointText",
                            {
                              "applyMatrix": false,
                              "matrix": [
                                6.14174,
                                0,
                                0,
                                6.14174,
                                28.8,
                                78.27402
                              ],
                              "data": {"aecad": {"part": "ttip"}},
                              "content": "5",
                              "fillColor": [1, 1, 1],
                              "fontSize": 0.8,
                              "leading": 0.96,
                              "justification": "center"
                            }
                          ]
                        ]
                      }
                    ],
                    [
                      "Group",
                      {
                        "applyMatrix": true,
                        "data": {
                          "aecad": {
                            "type": "Pad",
                            "drill": 1.2,
                            "dia": 2.6,
                            "pin": 12,
                            "label": 6
                          }
                        },
                        "children": [
                          [
                            "Shape",
                            {
                              "applyMatrix": false,
                              "matrix": [1, 0, 0, 1, 28.8, 96],
                              "data": {"aecad": {"part": "cu"}},
                              "type": "circle",
                              "size": [9.82678, 9.82678],
                              "radius": 4.91339,
                              "fillColor": [0.78039, 0.08235, 0.52157],
                              "strokeWidth": 0
                            }
                          ],
                          [
                            "Path",
                            {
                              "applyMatrix": true,
                              "data": {"aecad": {"part": "drill"}},
                              "segments": [
                                [[26.53228, 96], [0, 1.25243], [0, -1.25243]],
                                [[28.8, 93.73228], [-1.25243, 0], [1.25243, 0]],
                                [[31.06772, 96], [0, -1.25243], [0, 1.25243]],
                                [[28.8, 98.26772], [1.25243, 0], [-1.25243, 0]]
                              ],
                              "closed": true,
                              "fillColor": [0.1451, 0.1451, 0.1451],
                              "strokeWidth": 0
                            }
                          ],
                          [
                            "PointText",
                            {
                              "applyMatrix": false,
                              "matrix": [
                                6.14174,
                                0,
                                0,
                                6.14174,
                                28.8,
                                97.47402
                              ],
                              "data": {"aecad": {"part": "ttip"}},
                              "content": "6",
                              "fillColor": [1, 1, 1],
                              "fontSize": 0.8,
                              "leading": 0.96,
                              "justification": "center"
                            }
                          ]
                        ]
                      }
                    ]
                  ]
                }
              ],
              [
                "Shape",
                {
                  "applyMatrix": false,
                  "matrix": [1, 0, 0, 1, 20.06929, 53.10236],
                  "data": {"aecad": {"part": "border1"}},
                  "type": "rectangle",
                  "size": [51.40157, 125.40472],
                  "radius": [0.3, 0.3],
                  "strokeColor": [1, 0.07843, 0.57647],
                  "strokeWidth": 0.2
                }
              ]
            ]
          }
        ],
        [
          "Group",
          {
            "applyMatrix": false,
            "matrix": [1, 0, 0, 1, -101.40157, 0],
            "data": {
              "aecad": {
                "type": "DG142V_5_08_XXP",
                "name": "c5",
                "value": "6 terminals",
                "_labels": {
                  "1": "a",
                  "2": "a",
                  "3": "b",
                  "4": "b",
                  "5": "c",
                  "6": "c",
                  "7": "d",
                  "8": "d",
                  "9": "e",
                  "10": "e",
                  "11": "ffff",
                  "12": "ffff"
                },
                "orig_labels": {
                  "1": "a",
                  "2": "b",
                  "3": "c",
                  "4": "d",
                  "5": "e",
                  "6": "ffff"
                },
                "labels": {
                  "1": "a",
                  "2": "b",
                  "3": "c",
                  "4": "d",
                  "5": "e",
                  "6": "ffff"
                },
                "rev": 2,
                "_iface": {
                  "1": "a",
                  "2": "a",
                  "3": "b",
                  "4": "b",
                  "5": "c",
                  "6": "c",
                  "7": "d",
                  "8": "d",
                  "9": "e",
                  "10": "e",
                  "11": "ffff",
                  "12": "ffff"
                }
              }
            },
            "children": [
              [
                "Group",
                {
                  "applyMatrix": false,
                  "data": {
                    "aecad": {
                      "type": "PinArray",
                      "pad": {"drill": 1.2, "dia": 2.6},
                      "cols": {"count": 2, "interval": 7.62},
                      "rows": {"count": "6", "interval": 5.08},
                      "dir": "x",
                      "labels": {
                        "1": "a",
                        "2": "a",
                        "3": "b",
                        "4": "b",
                        "5": "c",
                        "6": "c",
                        "7": "d",
                        "8": "d",
                        "9": "e",
                        "10": "e",
                        "11": "ffff",
                        "12": "ffff",
                        "13": 7,
                        "14": 7
                      },
                      "allowDuplicateLabels": true,
                      "border": {
                        "height": 33.18,
                        "width": 13.6,
                        "offsetX": 1.5,
                        "offsetY": 1.35
                      },
                      "_iface": {
                        "1": "a",
                        "2": "a",
                        "3": "b",
                        "4": "b",
                        "5": "c",
                        "6": "c",
                        "7": "d",
                        "8": "d",
                        "9": "e",
                        "10": "e",
                        "11": "ffff",
                        "12": "ffff"
                      }
                    }
                  },
                  "children": [
                    [
                      "Group",
                      {
                        "applyMatrix": true,
                        "data": {
                          "aecad": {
                            "type": "Pad",
                            "drill": 1.2,
                            "dia": 2.6,
                            "pin": 1,
                            "label": "a",
                            "netid": "1"
                          }
                        },
                        "children": [
                          [
                            "Shape",
                            {
                              "applyMatrix": false,
                              "data": {"aecad": {"part": "cu"}},
                              "type": "circle",
                              "size": [9.82678, 9.82678],
                              "radius": 4.91339,
                              "fillColor": [0.78039, 0.08235, 0.52157],
                              "strokeWidth": 0
                            }
                          ],
                          [
                            "Path",
                            {
                              "applyMatrix": true,
                              "data": {"aecad": {"part": "drill"}},
                              "segments": [
                                [[-2.26772, 0], [0, 1.25243], [0, -1.25243]],
                                [[0, -2.26772], [-1.25243, 0], [1.25243, 0]],
                                [[2.26772, 0], [0, -1.25243], [0, 1.25243]],
                                [[0, 2.26772], [1.25243, 0], [-1.25243, 0]]
                              ],
                              "closed": true,
                              "fillColor": [0.1451, 0.1451, 0.1451],
                              "strokeWidth": 0
                            }
                          ],
                          [
                            "PointText",
                            {
                              "applyMatrix": false,
                              "matrix": [6.14174, 0, 0, 6.14174, 0, 1.47402],
                              "data": {"aecad": {"part": "ttip"}},
                              "content": "a",
                              "fillColor": [1, 1, 1],
                              "fontSize": 0.8,
                              "leading": 0.96,
                              "justification": "center"
                            }
                          ]
                        ]
                      }
                    ],
                    [
                      "Group",
                      {
                        "applyMatrix": true,
                        "data": {
                          "aecad": {
                            "type": "Pad",
                            "drill": 1.2,
                            "dia": 2.6,
                            "pin": 3,
                            "label": "b",
                            "netid": "1"
                          }
                        },
                        "children": [
                          [
                            "Shape",
                            {
                              "applyMatrix": false,
                              "matrix": [1, 0, 0, 1, 0, 19.2],
                              "data": {"aecad": {"part": "cu"}},
                              "type": "circle",
                              "size": [9.82678, 9.82678],
                              "radius": 4.91339,
                              "fillColor": [0.78039, 0.08235, 0.52157],
                              "strokeWidth": 0
                            }
                          ],
                          [
                            "Path",
                            {
                              "applyMatrix": true,
                              "data": {"aecad": {"part": "drill"}},
                              "segments": [
                                [[-2.26772, 19.2], [0, 1.25243], [0, -1.25243]],
                                [[0, 16.93228], [-1.25243, 0], [1.25243, 0]],
                                [[2.26772, 19.2], [0, -1.25243], [0, 1.25243]],
                                [[0, 21.46772], [1.25243, 0], [-1.25243, 0]]
                              ],
                              "closed": true,
                              "fillColor": [0.1451, 0.1451, 0.1451],
                              "strokeWidth": 0
                            }
                          ],
                          [
                            "PointText",
                            {
                              "applyMatrix": false,
                              "matrix": [6.14174, 0, 0, 6.14174, 0, 20.67402],
                              "data": {"aecad": {"part": "ttip"}},
                              "content": "b",
                              "fillColor": [1, 1, 1],
                              "fontSize": 0.8,
                              "leading": 0.96,
                              "justification": "center"
                            }
                          ]
                        ]
                      }
                    ],
                    [
                      "Group",
                      {
                        "applyMatrix": true,
                        "data": {
                          "aecad": {
                            "type": "Pad",
                            "drill": 1.2,
                            "dia": 2.6,
                            "pin": 5,
                            "label": "c",
                            "netid": "1"
                          }
                        },
                        "children": [
                          [
                            "Shape",
                            {
                              "applyMatrix": false,
                              "matrix": [1, 0, 0, 1, 0, 38.4],
                              "data": {"aecad": {"part": "cu"}},
                              "type": "circle",
                              "size": [9.82678, 9.82678],
                              "radius": 4.91339,
                              "fillColor": [0.78039, 0.08235, 0.52157],
                              "strokeWidth": 0
                            }
                          ],
                          [
                            "Path",
                            {
                              "applyMatrix": true,
                              "data": {"aecad": {"part": "drill"}},
                              "segments": [
                                [[-2.26772, 38.4], [0, 1.25243], [0, -1.25243]],
                                [[0, 36.13228], [-1.25243, 0], [1.25243, 0]],
                                [[2.26772, 38.4], [0, -1.25243], [0, 1.25243]],
                                [[0, 40.66772], [1.25243, 0], [-1.25243, 0]]
                              ],
                              "closed": true,
                              "fillColor": [0.1451, 0.1451, 0.1451],
                              "strokeWidth": 0
                            }
                          ],
                          [
                            "PointText",
                            {
                              "applyMatrix": false,
                              "matrix": [6.14174, 0, 0, 6.14174, 0, 39.87402],
                              "data": {"aecad": {"part": "ttip"}},
                              "content": "c",
                              "fillColor": [1, 1, 1],
                              "fontSize": 0.8,
                              "leading": 0.96,
                              "justification": "center"
                            }
                          ]
                        ]
                      }
                    ],
                    [
                      "Group",
                      {
                        "applyMatrix": true,
                        "data": {
                          "aecad": {
                            "type": "Pad",
                            "drill": 1.2,
                            "dia": 2.6,
                            "pin": 7,
                            "label": "d"
                          }
                        },
                        "children": [
                          [
                            "Shape",
                            {
                              "applyMatrix": false,
                              "matrix": [1, 0, 0, 1, 0, 57.6],
                              "data": {"aecad": {"part": "cu"}},
                              "type": "circle",
                              "size": [9.82678, 9.82678],
                              "radius": 4.91339,
                              "fillColor": [0.78039, 0.08235, 0.52157],
                              "strokeWidth": 0
                            }
                          ],
                          [
                            "Path",
                            {
                              "applyMatrix": true,
                              "data": {"aecad": {"part": "drill"}},
                              "segments": [
                                [[-2.26772, 57.6], [0, 1.25243], [0, -1.25243]],
                                [[0, 55.33228], [-1.25243, 0], [1.25243, 0]],
                                [[2.26772, 57.6], [0, -1.25243], [0, 1.25243]],
                                [[0, 59.86772], [1.25243, 0], [-1.25243, 0]]
                              ],
                              "closed": true,
                              "fillColor": [0.1451, 0.1451, 0.1451],
                              "strokeWidth": 0
                            }
                          ],
                          [
                            "PointText",
                            {
                              "applyMatrix": false,
                              "matrix": [6.14174, 0, 0, 6.14174, 0, 59.07402],
                              "data": {"aecad": {"part": "ttip"}},
                              "content": "d",
                              "fillColor": [1, 1, 1],
                              "fontSize": 0.8,
                              "leading": 0.96,
                              "justification": "center"
                            }
                          ]
                        ]
                      }
                    ],
                    [
                      "Group",
                      {
                        "applyMatrix": true,
                        "data": {
                          "aecad": {
                            "type": "Pad",
                            "drill": 1.2,
                            "dia": 2.6,
                            "pin": 9,
                            "label": "e"
                          }
                        },
                        "children": [
                          [
                            "Shape",
                            {
                              "applyMatrix": false,
                              "matrix": [1, 0, 0, 1, 0, 76.8],
                              "data": {"aecad": {"part": "cu"}},
                              "type": "circle",
                              "size": [9.82678, 9.82678],
                              "radius": 4.91339,
                              "fillColor": [0.78039, 0.08235, 0.52157],
                              "strokeWidth": 0
                            }
                          ],
                          [
                            "Path",
                            {
                              "applyMatrix": true,
                              "data": {"aecad": {"part": "drill"}},
                              "segments": [
                                [[-2.26772, 76.8], [0, 1.25243], [0, -1.25243]],
                                [[0, 74.53228], [-1.25243, 0], [1.25243, 0]],
                                [[2.26772, 76.8], [0, -1.25243], [0, 1.25243]],
                                [[0, 79.06772], [1.25243, 0], [-1.25243, 0]]
                              ],
                              "closed": true,
                              "fillColor": [0.1451, 0.1451, 0.1451],
                              "strokeWidth": 0
                            }
                          ],
                          [
                            "PointText",
                            {
                              "applyMatrix": false,
                              "matrix": [6.14174, 0, 0, 6.14174, 0, 78.27402],
                              "data": {"aecad": {"part": "ttip"}},
                              "content": "e",
                              "fillColor": [1, 1, 1],
                              "fontSize": 0.8,
                              "leading": 0.96,
                              "justification": "center"
                            }
                          ]
                        ]
                      }
                    ],
                    [
                      "Group",
                      {
                        "applyMatrix": true,
                        "data": {
                          "aecad": {
                            "type": "Pad",
                            "drill": 1.2,
                            "dia": 2.6,
                            "pin": 11,
                            "label": "ffff"
                          }
                        },
                        "children": [
                          [
                            "Shape",
                            {
                              "applyMatrix": false,
                              "matrix": [1, 0, 0, 1, 0, 96],
                              "data": {"aecad": {"part": "cu"}},
                              "type": "circle",
                              "size": [9.82678, 9.82678],
                              "radius": 4.91339,
                              "fillColor": [0.78039, 0.08235, 0.52157],
                              "strokeWidth": 0
                            }
                          ],
                          [
                            "Path",
                            {
                              "applyMatrix": true,
                              "data": {"aecad": {"part": "drill"}},
                              "segments": [
                                [[-2.26772, 96], [0, 1.25243], [0, -1.25243]],
                                [[0, 93.73228], [-1.25243, 0], [1.25243, 0]],
                                [[2.26772, 96], [0, -1.25243], [0, 1.25243]],
                                [[0, 98.26772], [1.25243, 0], [-1.25243, 0]]
                              ],
                              "closed": true,
                              "fillColor": [0.1451, 0.1451, 0.1451],
                              "strokeWidth": 0
                            }
                          ],
                          [
                            "PointText",
                            {
                              "applyMatrix": false,
                              "matrix": [6.14174, 0, 0, 6.14174, 0, 97.47402],
                              "data": {"aecad": {"part": "ttip"}},
                              "content": "ffff",
                              "fillColor": [1, 1, 1],
                              "fontSize": 0.8,
                              "leading": 0.96,
                              "justification": "center"
                            }
                          ]
                        ]
                      }
                    ],
                    [
                      "Group",
                      {
                        "applyMatrix": true,
                        "data": {
                          "aecad": {
                            "type": "Pad",
                            "drill": 1.2,
                            "dia": 2.6,
                            "pin": 2,
                            "label": "a",
                            "netid": "1"
                          }
                        },
                        "children": [
                          [
                            "Shape",
                            {
                              "applyMatrix": false,
                              "matrix": [1, 0, 0, 1, 28.8, 0],
                              "data": {"aecad": {"part": "cu"}},
                              "type": "circle",
                              "size": [9.82678, 9.82678],
                              "radius": 4.91339,
                              "fillColor": [0.78039, 0.08235, 0.52157],
                              "strokeWidth": 0
                            }
                          ],
                          [
                            "Path",
                            {
                              "applyMatrix": true,
                              "data": {"aecad": {"part": "drill"}},
                              "segments": [
                                [[26.53228, 0], [0, 1.25243], [0, -1.25243]],
                                [[28.8, -2.26772], [-1.25243, 0], [1.25243, 0]],
                                [[31.06772, 0], [0, -1.25243], [0, 1.25243]],
                                [[28.8, 2.26772], [1.25243, 0], [-1.25243, 0]]
                              ],
                              "closed": true,
                              "fillColor": [0.1451, 0.1451, 0.1451],
                              "strokeWidth": 0
                            }
                          ],
                          [
                            "PointText",
                            {
                              "applyMatrix": false,
                              "matrix": [6.14174, 0, 0, 6.14174, 28.8, 1.47402],
                              "data": {"aecad": {"part": "ttip"}},
                              "content": "a",
                              "fillColor": [1, 1, 1],
                              "fontSize": 0.8,
                              "leading": 0.96,
                              "justification": "center"
                            }
                          ]
                        ]
                      }
                    ],
                    [
                      "Group",
                      {
                        "applyMatrix": true,
                        "data": {
                          "aecad": {
                            "type": "Pad",
                            "drill": 1.2,
                            "dia": 2.6,
                            "pin": 4,
                            "label": "b",
                            "netid": "1"
                          }
                        },
                        "children": [
                          [
                            "Shape",
                            {
                              "applyMatrix": false,
                              "matrix": [1, 0, 0, 1, 28.8, 19.2],
                              "data": {"aecad": {"part": "cu"}},
                              "type": "circle",
                              "size": [9.82678, 9.82678],
                              "radius": 4.91339,
                              "fillColor": [0.78039, 0.08235, 0.52157],
                              "strokeWidth": 0
                            }
                          ],
                          [
                            "Path",
                            {
                              "applyMatrix": true,
                              "data": {"aecad": {"part": "drill"}},
                              "segments": [
                                [[26.53228, 19.2], [0, 1.25243], [0, -1.25243]],
                                [[28.8, 16.93228], [-1.25243, 0], [1.25243, 0]],
                                [[31.06772, 19.2], [0, -1.25243], [0, 1.25243]],
                                [[28.8, 21.46772], [1.25243, 0], [-1.25243, 0]]
                              ],
                              "closed": true,
                              "fillColor": [0.1451, 0.1451, 0.1451],
                              "strokeWidth": 0
                            }
                          ],
                          [
                            "PointText",
                            {
                              "applyMatrix": false,
                              "matrix": [
                                6.14174,
                                0,
                                0,
                                6.14174,
                                28.8,
                                20.67402
                              ],
                              "data": {"aecad": {"part": "ttip"}},
                              "content": "b",
                              "fillColor": [1, 1, 1],
                              "fontSize": 0.8,
                              "leading": 0.96,
                              "justification": "center"
                            }
                          ]
                        ]
                      }
                    ],
                    [
                      "Group",
                      {
                        "applyMatrix": true,
                        "data": {
                          "aecad": {
                            "type": "Pad",
                            "drill": 1.2,
                            "dia": 2.6,
                            "pin": 6,
                            "label": "c",
                            "netid": "1"
                          }
                        },
                        "children": [
                          [
                            "Shape",
                            {
                              "applyMatrix": false,
                              "matrix": [1, 0, 0, 1, 28.8, 38.4],
                              "data": {"aecad": {"part": "cu"}},
                              "type": "circle",
                              "size": [9.82678, 9.82678],
                              "radius": 4.91339,
                              "fillColor": [0.78039, 0.08235, 0.52157],
                              "strokeWidth": 0
                            }
                          ],
                          [
                            "Path",
                            {
                              "applyMatrix": true,
                              "data": {"aecad": {"part": "drill"}},
                              "segments": [
                                [[26.53228, 38.4], [0, 1.25243], [0, -1.25243]],
                                [[28.8, 36.13228], [-1.25243, 0], [1.25243, 0]],
                                [[31.06772, 38.4], [0, -1.25243], [0, 1.25243]],
                                [[28.8, 40.66772], [1.25243, 0], [-1.25243, 0]]
                              ],
                              "closed": true,
                              "fillColor": [0.1451, 0.1451, 0.1451],
                              "strokeWidth": 0
                            }
                          ],
                          [
                            "PointText",
                            {
                              "applyMatrix": false,
                              "matrix": [
                                6.14174,
                                0,
                                0,
                                6.14174,
                                28.8,
                                39.87402
                              ],
                              "data": {"aecad": {"part": "ttip"}},
                              "content": "c",
                              "fillColor": [1, 1, 1],
                              "fontSize": 0.8,
                              "leading": 0.96,
                              "justification": "center"
                            }
                          ]
                        ]
                      }
                    ],
                    [
                      "Group",
                      {
                        "applyMatrix": true,
                        "data": {
                          "aecad": {
                            "type": "Pad",
                            "drill": 1.2,
                            "dia": 2.6,
                            "pin": 8,
                            "label": "d"
                          }
                        },
                        "children": [
                          [
                            "Shape",
                            {
                              "applyMatrix": false,
                              "matrix": [1, 0, 0, 1, 28.8, 57.6],
                              "data": {"aecad": {"part": "cu"}},
                              "type": "circle",
                              "size": [9.82678, 9.82678],
                              "radius": 4.91339,
                              "fillColor": [0.78039, 0.08235, 0.52157],
                              "strokeWidth": 0
                            }
                          ],
                          [
                            "Path",
                            {
                              "applyMatrix": true,
                              "data": {"aecad": {"part": "drill"}},
                              "segments": [
                                [[26.53228, 57.6], [0, 1.25243], [0, -1.25243]],
                                [[28.8, 55.33228], [-1.25243, 0], [1.25243, 0]],
                                [[31.06772, 57.6], [0, -1.25243], [0, 1.25243]],
                                [[28.8, 59.86772], [1.25243, 0], [-1.25243, 0]]
                              ],
                              "closed": true,
                              "fillColor": [0.1451, 0.1451, 0.1451],
                              "strokeWidth": 0
                            }
                          ],
                          [
                            "PointText",
                            {
                              "applyMatrix": false,
                              "matrix": [
                                6.14174,
                                0,
                                0,
                                6.14174,
                                28.8,
                                59.07402
                              ],
                              "data": {"aecad": {"part": "ttip"}},
                              "content": "d",
                              "fillColor": [1, 1, 1],
                              "fontSize": 0.8,
                              "leading": 0.96,
                              "justification": "center"
                            }
                          ]
                        ]
                      }
                    ],
                    [
                      "Group",
                      {
                        "applyMatrix": true,
                        "data": {
                          "aecad": {
                            "type": "Pad",
                            "drill": 1.2,
                            "dia": 2.6,
                            "pin": 10,
                            "label": "e"
                          }
                        },
                        "children": [
                          [
                            "Shape",
                            {
                              "applyMatrix": false,
                              "matrix": [1, 0, 0, 1, 28.8, 76.8],
                              "data": {"aecad": {"part": "cu"}},
                              "type": "circle",
                              "size": [9.82678, 9.82678],
                              "radius": 4.91339,
                              "fillColor": [0.78039, 0.08235, 0.52157],
                              "strokeWidth": 0
                            }
                          ],
                          [
                            "Path",
                            {
                              "applyMatrix": true,
                              "data": {"aecad": {"part": "drill"}},
                              "segments": [
                                [[26.53228, 76.8], [0, 1.25243], [0, -1.25243]],
                                [[28.8, 74.53228], [-1.25243, 0], [1.25243, 0]],
                                [[31.06772, 76.8], [0, -1.25243], [0, 1.25243]],
                                [[28.8, 79.06772], [1.25243, 0], [-1.25243, 0]]
                              ],
                              "closed": true,
                              "fillColor": [0.1451, 0.1451, 0.1451],
                              "strokeWidth": 0
                            }
                          ],
                          [
                            "PointText",
                            {
                              "applyMatrix": false,
                              "matrix": [
                                6.14174,
                                0,
                                0,
                                6.14174,
                                28.8,
                                78.27402
                              ],
                              "data": {"aecad": {"part": "ttip"}},
                              "content": "e",
                              "fillColor": [1, 1, 1],
                              "fontSize": 0.8,
                              "leading": 0.96,
                              "justification": "center"
                            }
                          ]
                        ]
                      }
                    ],
                    [
                      "Group",
                      {
                        "applyMatrix": true,
                        "data": {
                          "aecad": {
                            "type": "Pad",
                            "drill": 1.2,
                            "dia": 2.6,
                            "pin": 12,
                            "label": "ffff"
                          }
                        },
                        "children": [
                          [
                            "Shape",
                            {
                              "applyMatrix": false,
                              "matrix": [1, 0, 0, 1, 28.8, 96],
                              "data": {"aecad": {"part": "cu"}},
                              "type": "circle",
                              "size": [9.82678, 9.82678],
                              "radius": 4.91339,
                              "fillColor": [0.78039, 0.08235, 0.52157],
                              "strokeWidth": 0
                            }
                          ],
                          [
                            "Path",
                            {
                              "applyMatrix": true,
                              "data": {"aecad": {"part": "drill"}},
                              "segments": [
                                [[26.53228, 96], [0, 1.25243], [0, -1.25243]],
                                [[28.8, 93.73228], [-1.25243, 0], [1.25243, 0]],
                                [[31.06772, 96], [0, -1.25243], [0, 1.25243]],
                                [[28.8, 98.26772], [1.25243, 0], [-1.25243, 0]]
                              ],
                              "closed": true,
                              "fillColor": [0.1451, 0.1451, 0.1451],
                              "strokeWidth": 0
                            }
                          ],
                          [
                            "PointText",
                            {
                              "applyMatrix": false,
                              "matrix": [
                                6.14174,
                                0,
                                0,
                                6.14174,
                                28.8,
                                97.47402
                              ],
                              "data": {"aecad": {"part": "ttip"}},
                              "content": "ffff",
                              "fillColor": [1, 1, 1],
                              "fontSize": 0.8,
                              "leading": 0.96,
                              "justification": "center"
                            }
                          ]
                        ]
                      }
                    ]
                  ]
                }
              ],
              [
                "Shape",
                {
                  "applyMatrix": false,
                  "matrix": [1, 0, 0, 1, 20.06929, 53.10236],
                  "data": {"aecad": {"part": "border1"}},
                  "type": "rectangle",
                  "size": [51.40157, 125.40472],
                  "radius": [0.3, 0.3],
                  "strokeColor": [1, 0.07843, 0.57647],
                  "strokeWidth": 0.2
                }
              ]
            ]
          }
        ]
      ]
    }
  ]
]