[
  [
    "aeCAD",
    {
      "name": "aeCAD by Aktos Electronics",
      "website": "https://aktos.io/aecad",
      "dependencies": {"aecad": "908f46a"}
    }
  ],
  [
    "Layer",
    {
      "name": "scripting",
      "applyMatrix": true,
      "selected": true,
      "children": [
        [
          "Group",
          {
            "applyMatrix": false,
            "matrix": [1, 0, 0, 1, -143.84252, 0],
            "data": {
              "aecad": {
                "type": "C1206",
                "name": "c1.c2",
                "value": "100nF",
                "labels": null,
                "rev": 3,
                "_labels": {"1": "c", "2": "a"},
                "_iface": {"1": "c", "2": "a"},
                "orig_labels": null
              }
            },
            "children": [
              [
                "Group",
                {
                  "applyMatrix": true,
                  "data": {
                    "aecad": {
                      "type": "Pad",
                      "width": 0.9,
                      "height": 1.6,
                      "pin": 1,
                      "label": "c",
                      "netid": "13"
                    }
                  },
                  "children": [
                    [
                      "Shape",
                      {
                        "applyMatrix": false,
                        "matrix": [1, 0, 0, 1, 1.70079, 3.02362],
                        "data": {"aecad": {"part": "cu"}},
                        "type": "rectangle",
                        "size": [3.40157, 6.04724],
                        "radius": [0, 0],
                        "fillColor": [0.78039, 0.08235, 0.52157],
                        "strokeWidth": 0
                      }
                    ],
                    [
                      "PointText",
                      {
                        "applyMatrix": false,
                        "matrix": [3.77953, 0, 0, 3.77953, 1.70079, 3.93071],
                        "data": {"aecad": {"part": "ttip"}},
                        "content": "c",
                        "fillColor": [1, 1, 1],
                        "fontSize": 0.8,
                        "leading": 0.96,
                        "justification": "center"
                      }
                    ]
                  ]
                }
              ],
              [
                "Group",
                {
                  "applyMatrix": true,
                  "data": {
                    "aecad": {
                      "type": "Pad",
                      "width": 0.9,
                      "height": 1.6,
                      "pin": 2,
                      "label": "a",
                      "netid": "14"
                    }
                  },
                  "children": [
                    [
                      "Shape",
                      {
                        "applyMatrix": false,
                        "matrix": [1, 0, 0, 1, 12.66142, 3.02362],
                        "data": {"aecad": {"part": "cu"}},
                        "type": "rectangle",
                        "size": [3.40157, 6.04724],
                        "radius": [0, 0],
                        "fillColor": [0.78039, 0.08235, 0.52157],
                        "strokeWidth": 0
                      }
                    ],
                    [
                      "PointText",
                      {
                        "applyMatrix": false,
                        "matrix": [3.77953, 0, 0, 3.77953, 12.66142, 3.93071],
                        "data": {"aecad": {"part": "ttip"}},
                        "content": "a",
                        "fillColor": [1, 1, 1],
                        "fontSize": 0.8,
                        "leading": 0.96,
                        "justification": "center"
                      }
                    ]
                  ]
                }
              ],
              [
                "Shape",
                {
                  "applyMatrix": false,
                  "matrix": [1, 0, 0, 1, 7.1811, 3.02362],
                  "data": {"aecad": {"part": "border1"}},
                  "type": "rectangle",
                  "size": [15.87402, 7.55906],
                  "radius": [0.3, 0.3],
                  "strokeColor": [1, 0.07843, 0.57647],
                  "strokeWidth": 0.2
                }
              ]
            ]
          }
        ],
        [
          "Group",
          {
            "applyMatrix": false,
            "matrix": [1, 0, 0, 1, -77.9685, 0],
            "data": {
              "aecad": {
                "type": "AM26C31x",
                "name": "c1.c1",
                "value": "D",
                "labels": null,
                "rev": 2,
                "_labels": {
                  "1": "1a",
                  "2": "1y",
                  "3": "1z",
                  "4": "g",
                  "5": "2z",
                  "6": "2y",
                  "7": "2a",
                  "8": "gnd",
                  "9": "3a",
                  "10": "3y",
                  "11": "3z",
                  "12": "n_g",
                  "13": "4z",
                  "14": "4y",
                  "15": "4a",
                  "16": "vcc"
                },
                "_iface": {
                  "1": "1a",
                  "2": "1y",
                  "3": "1z",
                  "4": "g",
                  "5": "2z",
                  "6": "2y",
                  "7": "2a",
                  "8": "gnd",
                  "9": "3a",
                  "10": "3y",
                  "11": "3z",
                  "12": "n_g",
                  "13": "4z",
                  "14": "4y",
                  "15": "4a",
                  "16": "vcc"
                },
                "orig_labels": null
              }
            },
            "children": [
              [
                "Group",
                {
                  "applyMatrix": false,
                  "data": {
                    "aecad": {
                      "type": "SOIC16",
                      "labels": {
                        "1": "1a",
                        "2": "1y",
                        "3": "1z",
                        "4": "g",
                        "5": "2z",
                        "6": "2y",
                        "7": "2a",
                        "8": "gnd",
                        "9": "3a",
                        "10": "3y",
                        "11": "3z",
                        "12": "n_g",
                        "13": "4z",
                        "14": "4y",
                        "15": "4a",
                        "16": "vcc"
                      },
                      "rev": 5,
                      "_iface": {
                        "1": "1a",
                        "2": "1y",
                        "3": "1z",
                        "4": "g",
                        "5": "2z",
                        "6": "2y",
                        "7": "2a",
                        "8": "gnd",
                        "9": "3a",
                        "10": "3y",
                        "11": "3z",
                        "12": "n_g",
                        "13": "4z",
                        "14": "4y",
                        "15": "4a",
                        "16": "vcc"
                      }
                    }
                  },
                  "children": [
                    [
                      "Group",
                      {
                        "applyMatrix": false,
                        "data": {
                          "aecad": {
                            "type": "PinArray",
                            "pad": {"height": 0.6, "width": 2},
                            "rows": {"count": 8, "interval": 1.27},
                            "labels": {
                              "1": "1a",
                              "2": "1y",
                              "3": "1z",
                              "4": "g",
                              "5": "2z",
                              "6": "2y",
                              "7": "2a",
                              "8": "gnd",
                              "9": "3a",
                              "10": "3y",
                              "11": "3z",
                              "12": "n_g",
                              "13": "4z",
                              "14": "4y",
                              "15": "4a",
                              "16": "vcc"
                            },
                            "_iface": {
                              "1": "1a",
                              "2": "1y",
                              "3": "1z",
                              "4": "g",
                              "5": "2z",
                              "6": "2y",
                              "7": "2a",
                              "8": "gnd"
                            }
                          }
                        },
                        "children": [
                          [
                            "Group",
                            {
                              "applyMatrix": true,
                              "data": {
                                "aecad": {
                                  "type": "Pad",
                                  "height": 0.6,
                                  "width": 2,
                                  "pin": 1,
                                  "label": "1a",
                                  "netid": "10"
                                }
                              },
                              "children": [
                                [
                                  "Shape",
                                  {
                                    "applyMatrix": false,
                                    "matrix": [1, 0, 0, 1, 3.77953, 1.13386],
                                    "data": {"aecad": {"part": "cu"}},
                                    "type": "rectangle",
                                    "size": [7.55906, 2.26772],
                                    "radius": [0, 0],
                                    "fillColor": [0.78039, 0.08235, 0.52157],
                                    "strokeWidth": 0
                                  }
                                ],
                                [
                                  "PointText",
                                  {
                                    "applyMatrix": false,
                                    "matrix": [
                                      1.41733,
                                      0,
                                      0,
                                      1.41733,
                                      3.77953,
                                      1.47402
                                    ],
                                    "data": {"aecad": {"part": "ttip"}},
                                    "content": "1a",
                                    "fillColor": [1, 1, 1],
                                    "fontSize": 0.8,
                                    "leading": 0.96,
                                    "justification": "center"
                                  }
                                ]
                              ]
                            }
                          ],
                          [
                            "Group",
                            {
                              "applyMatrix": true,
                              "data": {
                                "aecad": {
                                  "type": "Pad",
                                  "height": 0.6,
                                  "width": 2,
                                  "pin": 2,
                                  "label": "1y",
                                  "netid": "12"
                                }
                              },
                              "children": [
                                [
                                  "Shape",
                                  {
                                    "applyMatrix": false,
                                    "matrix": [1, 0, 0, 1, 3.77953, 5.93386],
                                    "data": {"aecad": {"part": "cu"}},
                                    "type": "rectangle",
                                    "size": [7.55906, 2.26772],
                                    "radius": [0, 0],
                                    "fillColor": [0.78039, 0.08235, 0.52157],
                                    "strokeWidth": 0
                                  }
                                ],
                                [
                                  "PointText",
                                  {
                                    "applyMatrix": false,
                                    "matrix": [
                                      1.41733,
                                      0,
                                      0,
                                      1.41733,
                                      3.77953,
                                      6.27402
                                    ],
                                    "data": {"aecad": {"part": "ttip"}},
                                    "content": "1y",
                                    "fillColor": [1, 1, 1],
                                    "fontSize": 0.8,
                                    "leading": 0.96,
                                    "justification": "center"
                                  }
                                ]
                              ]
                            }
                          ],
                          [
                            "Group",
                            {
                              "applyMatrix": true,
                              "data": {
                                "aecad": {
                                  "type": "Pad",
                                  "height": 0.6,
                                  "width": 2,
                                  "pin": 3,
                                  "label": "1z",
                                  "netid": "11"
                                }
                              },
                              "children": [
                                [
                                  "Shape",
                                  {
                                    "applyMatrix": false,
                                    "matrix": [1, 0, 0, 1, 3.77953, 10.73386],
                                    "data": {"aecad": {"part": "cu"}},
                                    "type": "rectangle",
                                    "size": [7.55906, 2.26772],
                                    "radius": [0, 0],
                                    "fillColor": [0.78039, 0.08235, 0.52157],
                                    "strokeWidth": 0
                                  }
                                ],
                                [
                                  "PointText",
                                  {
                                    "applyMatrix": false,
                                    "matrix": [
                                      1.41732,
                                      0,
                                      0,
                                      1.41732,
                                      3.77953,
                                      11.07402
                                    ],
                                    "data": {"aecad": {"part": "ttip"}},
                                    "content": "1z",
                                    "fillColor": [1, 1, 1],
                                    "fontSize": 0.8,
                                    "leading": 0.96,
                                    "justification": "center"
                                  }
                                ]
                              ]
                            }
                          ],
                          [
                            "Group",
                            {
                              "applyMatrix": true,
                              "data": {
                                "aecad": {
                                  "type": "Pad",
                                  "height": 0.6,
                                  "width": 2,
                                  "pin": 4,
                                  "label": "g",
                                  "netid": "13"
                                }
                              },
                              "children": [
                                [
                                  "Shape",
                                  {
                                    "applyMatrix": false,
                                    "matrix": [1, 0, 0, 1, 3.77953, 15.53386],
                                    "data": {"aecad": {"part": "cu"}},
                                    "type": "rectangle",
                                    "size": [7.55906, 2.26772],
                                    "radius": [0, 0],
                                    "fillColor": [0.78039, 0.08235, 0.52157],
                                    "strokeWidth": 0
                                  }
                                ],
                                [
                                  "PointText",
                                  {
                                    "applyMatrix": false,
                                    "matrix": [
                                      1.41732,
                                      0,
                                      0,
                                      1.41732,
                                      3.77953,
                                      15.87402
                                    ],
                                    "data": {"aecad": {"part": "ttip"}},
                                    "content": "g",
                                    "fillColor": [1, 1, 1],
                                    "fontSize": 0.8,
                                    "leading": 0.96,
                                    "justification": "center"
                                  }
                                ]
                              ]
                            }
                          ],
                          [
                            "Group",
                            {
                              "applyMatrix": true,
                              "data": {
                                "aecad": {
                                  "type": "Pad",
                                  "height": 0.6,
                                  "width": 2,
                                  "pin": 5,
                                  "label": "2z",
                                  "netid": "9"
                                }
                              },
                              "children": [
                                [
                                  "Shape",
                                  {
                                    "applyMatrix": false,
                                    "matrix": [1, 0, 0, 1, 3.77953, 20.33386],
                                    "data": {"aecad": {"part": "cu"}},
                                    "type": "rectangle",
                                    "size": [7.55906, 2.26772],
                                    "radius": [0, 0],
                                    "fillColor": [0.78039, 0.08235, 0.52157],
                                    "strokeWidth": 0
                                  }
                                ],
                                [
                                  "PointText",
                                  {
                                    "applyMatrix": false,
                                    "matrix": [
                                      1.41732,
                                      0,
                                      0,
                                      1.41732,
                                      3.77953,
                                      20.67402
                                    ],
                                    "data": {"aecad": {"part": "ttip"}},
                                    "content": "2z",
                                    "fillColor": [1, 1, 1],
                                    "fontSize": 0.8,
                                    "leading": 0.96,
                                    "justification": "center"
                                  }
                                ]
                              ]
                            }
                          ],
                          [
                            "Group",
                            {
                              "applyMatrix": true,
                              "data": {
                                "aecad": {
                                  "type": "Pad",
                                  "height": 0.6,
                                  "width": 2,
                                  "pin": 6,
                                  "label": "2y",
                                  "netid": "8"
                                }
                              },
                              "children": [
                                [
                                  "Shape",
                                  {
                                    "applyMatrix": false,
                                    "matrix": [1, 0, 0, 1, 3.77953, 25.13386],
                                    "data": {"aecad": {"part": "cu"}},
                                    "type": "rectangle",
                                    "size": [7.55906, 2.26772],
                                    "radius": [0, 0],
                                    "fillColor": [0.78039, 0.08235, 0.52157],
                                    "strokeWidth": 0
                                  }
                                ],
                                [
                                  "PointText",
                                  {
                                    "applyMatrix": false,
                                    "matrix": [
                                      1.41732,
                                      0,
                                      0,
                                      1.41732,
                                      3.77953,
                                      25.47402
                                    ],
                                    "data": {"aecad": {"part": "ttip"}},
                                    "content": "2y",
                                    "fillColor": [1, 1, 1],
                                    "fontSize": 0.8,
                                    "leading": 0.96,
                                    "justification": "center"
                                  }
                                ]
                              ]
                            }
                          ],
                          [
                            "Group",
                            {
                              "applyMatrix": true,
                              "data": {
                                "aecad": {
                                  "type": "Pad",
                                  "height": 0.6,
                                  "width": 2,
                                  "pin": 7,
                                  "label": "2a",
                                  "netid": "7"
                                }
                              },
                              "children": [
                                [
                                  "Shape",
                                  {
                                    "applyMatrix": false,
                                    "matrix": [1, 0, 0, 1, 3.77953, 29.93386],
                                    "data": {"aecad": {"part": "cu"}},
                                    "type": "rectangle",
                                    "size": [7.55906, 2.26772],
                                    "radius": [0, 0],
                                    "fillColor": [0.78039, 0.08235, 0.52157],
                                    "strokeWidth": 0
                                  }
                                ],
                                [
                                  "PointText",
                                  {
                                    "applyMatrix": false,
                                    "matrix": [
                                      1.41732,
                                      0,
                                      0,
                                      1.41732,
                                      3.77953,
                                      30.27402
                                    ],
                                    "data": {"aecad": {"part": "ttip"}},
                                    "content": "2a",
                                    "fillColor": [1, 1, 1],
                                    "fontSize": 0.8,
                                    "leading": 0.96,
                                    "justification": "center"
                                  }
                                ]
                              ]
                            }
                          ],
                          [
                            "Group",
                            {
                              "applyMatrix": true,
                              "data": {
                                "aecad": {
                                  "type": "Pad",
                                  "height": 0.6,
                                  "width": 2,
                                  "pin": 8,
                                  "label": "gnd",
                                  "netid": "13"
                                }
                              },
                              "children": [
                                [
                                  "Shape",
                                  {
                                    "applyMatrix": false,
                                    "matrix": [1, 0, 0, 1, 3.77953, 34.73386],
                                    "data": {"aecad": {"part": "cu"}},
                                    "type": "rectangle",
                                    "size": [7.55906, 2.26772],
                                    "radius": [0, 0],
                                    "fillColor": [0.78039, 0.08235, 0.52157],
                                    "strokeWidth": 0
                                  }
                                ],
                                [
                                  "PointText",
                                  {
                                    "applyMatrix": false,
                                    "matrix": [
                                      1.41732,
                                      0,
                                      0,
                                      1.41732,
                                      3.77953,
                                      35.07402
                                    ],
                                    "data": {"aecad": {"part": "ttip"}},
                                    "content": "gnd",
                                    "fillColor": [1, 1, 1],
                                    "fontSize": 0.8,
                                    "leading": 0.96,
                                    "justification": "center"
                                  }
                                ]
                              ]
                            }
                          ]
                        ]
                      }
                    ],
                    [
                      "Group",
                      {
                        "applyMatrix": false,
                        "matrix": [1, 0, 0, 1, 20.40945, 0],
                        "data": {
                          "aecad": {
                            "type": "PinArray",
                            "start": 9,
                            "pad": {"height": 0.6, "width": 2},
                            "dir": "-y",
                            "rows": {"count": 8, "interval": 1.27},
                            "labels": {
                              "1": "1a",
                              "2": "1y",
                              "3": "1z",
                              "4": "g",
                              "5": "2z",
                              "6": "2y",
                              "7": "2a",
                              "8": "gnd",
                              "9": "3a",
                              "10": "3y",
                              "11": "3z",
                              "12": "n_g",
                              "13": "4z",
                              "14": "4y",
                              "15": "4a",
                              "16": "vcc"
                            },
                            "_iface": {
                              "9": "3a",
                              "10": "3y",
                              "11": "3z",
                              "12": "n_g",
                              "13": "4z",
                              "14": "4y",
                              "15": "4a",
                              "16": "vcc"
                            }
                          }
                        },
                        "children": [
                          [
                            "Group",
                            {
                              "applyMatrix": true,
                              "data": {
                                "aecad": {
                                  "type": "Pad",
                                  "height": 0.6,
                                  "width": 2,
                                  "pin": 16,
                                  "label": "vcc",
                                  "netid": "14"
                                }
                              },
                              "children": [
                                [
                                  "Shape",
                                  {
                                    "applyMatrix": false,
                                    "matrix": [1, 0, 0, 1, 3.77953, 1.13386],
                                    "data": {"aecad": {"part": "cu"}},
                                    "type": "rectangle",
                                    "size": [7.55906, 2.26772],
                                    "radius": [0, 0],
                                    "fillColor": [0.78039, 0.08235, 0.52157],
                                    "strokeWidth": 0
                                  }
                                ],
                                [
                                  "PointText",
                                  {
                                    "applyMatrix": false,
                                    "matrix": [
                                      1.41733,
                                      0,
                                      0,
                                      1.41733,
                                      3.77953,
                                      1.47402
                                    ],
                                    "data": {"aecad": {"part": "ttip"}},
                                    "content": "vcc",
                                    "fillColor": [1, 1, 1],
                                    "fontSize": 0.8,
                                    "leading": 0.96,
                                    "justification": "center"
                                  }
                                ]
                              ]
                            }
                          ],
                          [
                            "Group",
                            {
                              "applyMatrix": true,
                              "data": {
                                "aecad": {
                                  "type": "Pad",
                                  "height": 0.6,
                                  "width": 2,
                                  "pin": 15,
                                  "label": "4a",
                                  "netid": "1"
                                }
                              },
                              "children": [
                                [
                                  "Shape",
                                  {
                                    "applyMatrix": false,
                                    "matrix": [1, 0, 0, 1, 3.77953, 5.93386],
                                    "data": {"aecad": {"part": "cu"}},
                                    "type": "rectangle",
                                    "size": [7.55906, 2.26772],
                                    "radius": [0, 0],
                                    "fillColor": [0.78039, 0.08235, 0.52157],
                                    "strokeWidth": 0
                                  }
                                ],
                                [
                                  "PointText",
                                  {
                                    "applyMatrix": false,
                                    "matrix": [
                                      1.41733,
                                      0,
                                      0,
                                      1.41733,
                                      3.77953,
                                      6.27402
                                    ],
                                    "data": {"aecad": {"part": "ttip"}},
                                    "content": "4a",
                                    "fillColor": [1, 1, 1],
                                    "fontSize": 0.8,
                                    "leading": 0.96,
                                    "justification": "center"
                                  }
                                ]
                              ]
                            }
                          ],
                          [
                            "Group",
                            {
                              "applyMatrix": true,
                              "data": {
                                "aecad": {
                                  "type": "Pad",
                                  "height": 0.6,
                                  "width": 2,
                                  "pin": 14,
                                  "label": "4y",
                                  "netid": "2"
                                }
                              },
                              "children": [
                                [
                                  "Shape",
                                  {
                                    "applyMatrix": false,
                                    "matrix": [1, 0, 0, 1, 3.77953, 10.73386],
                                    "data": {"aecad": {"part": "cu"}},
                                    "type": "rectangle",
                                    "size": [7.55906, 2.26772],
                                    "radius": [0, 0],
                                    "fillColor": [0.78039, 0.08235, 0.52157],
                                    "strokeWidth": 0
                                  }
                                ],
                                [
                                  "PointText",
                                  {
                                    "applyMatrix": false,
                                    "matrix": [
                                      1.41732,
                                      0,
                                      0,
                                      1.41732,
                                      3.77953,
                                      11.07402
                                    ],
                                    "data": {"aecad": {"part": "ttip"}},
                                    "content": "4y",
                                    "fillColor": [1, 1, 1],
                                    "fontSize": 0.8,
                                    "leading": 0.96,
                                    "justification": "center"
                                  }
                                ]
                              ]
                            }
                          ],
                          [
                            "Group",
                            {
                              "applyMatrix": true,
                              "data": {
                                "aecad": {
                                  "type": "Pad",
                                  "height": 0.6,
                                  "width": 2,
                                  "pin": 13,
                                  "label": "4z",
                                  "netid": "3"
                                }
                              },
                              "children": [
                                [
                                  "Shape",
                                  {
                                    "applyMatrix": false,
                                    "matrix": [1, 0, 0, 1, 3.77953, 15.53386],
                                    "data": {"aecad": {"part": "cu"}},
                                    "type": "rectangle",
                                    "size": [7.55906, 2.26772],
                                    "radius": [0, 0],
                                    "fillColor": [0.78039, 0.08235, 0.52157],
                                    "strokeWidth": 0
                                  }
                                ],
                                [
                                  "PointText",
                                  {
                                    "applyMatrix": false,
                                    "matrix": [
                                      1.41732,
                                      0,
                                      0,
                                      1.41732,
                                      3.77953,
                                      15.87402
                                    ],
                                    "data": {"aecad": {"part": "ttip"}},
                                    "content": "4z",
                                    "fillColor": [1, 1, 1],
                                    "fontSize": 0.8,
                                    "leading": 0.96,
                                    "justification": "center"
                                  }
                                ]
                              ]
                            }
                          ],
                          [
                            "Group",
                            {
                              "applyMatrix": true,
                              "data": {
                                "aecad": {
                                  "type": "Pad",
                                  "height": 0.6,
                                  "width": 2,
                                  "pin": 12,
                                  "label": "n_g",
                                  "netid": "13"
                                }
                              },
                              "children": [
                                [
                                  "Shape",
                                  {
                                    "applyMatrix": false,
                                    "matrix": [1, 0, 0, 1, 3.77953, 20.33386],
                                    "data": {"aecad": {"part": "cu"}},
                                    "type": "rectangle",
                                    "size": [7.55906, 2.26772],
                                    "radius": [0, 0],
                                    "fillColor": [0.78039, 0.08235, 0.52157],
                                    "strokeWidth": 0
                                  }
                                ],
                                [
                                  "PointText",
                                  {
                                    "applyMatrix": false,
                                    "matrix": [
                                      1.41732,
                                      0,
                                      0,
                                      1.41732,
                                      3.77953,
                                      20.67402
                                    ],
                                    "data": {"aecad": {"part": "ttip"}},
                                    "content": "n_g",
                                    "fillColor": [1, 1, 1],
                                    "fontSize": 0.8,
                                    "leading": 0.96,
                                    "justification": "center"
                                  }
                                ]
                              ]
                            }
                          ],
                          [
                            "Group",
                            {
                              "applyMatrix": true,
                              "data": {
                                "aecad": {
                                  "type": "Pad",
                                  "height": 0.6,
                                  "width": 2,
                                  "pin": 11,
                                  "label": "3z",
                                  "netid": "4"
                                }
                              },
                              "children": [
                                [
                                  "Shape",
                                  {
                                    "applyMatrix": false,
                                    "matrix": [1, 0, 0, 1, 3.77953, 25.13386],
                                    "data": {"aecad": {"part": "cu"}},
                                    "type": "rectangle",
                                    "size": [7.55906, 2.26772],
                                    "radius": [0, 0],
                                    "fillColor": [0.78039, 0.08235, 0.52157],
                                    "strokeWidth": 0
                                  }
                                ],
                                [
                                  "PointText",
                                  {
                                    "applyMatrix": false,
                                    "matrix": [
                                      1.41732,
                                      0,
                                      0,
                                      1.41732,
                                      3.77953,
                                      25.47402
                                    ],
                                    "data": {"aecad": {"part": "ttip"}},
                                    "content": "3z",
                                    "fillColor": [1, 1, 1],
                                    "fontSize": 0.8,
                                    "leading": 0.96,
                                    "justification": "center"
                                  }
                                ]
                              ]
                            }
                          ],
                          [
                            "Group",
                            {
                              "applyMatrix": true,
                              "data": {
                                "aecad": {
                                  "type": "Pad",
                                  "height": 0.6,
                                  "width": 2,
                                  "pin": 10,
                                  "label": "3y",
                                  "netid": "5"
                                }
                              },
                              "children": [
                                [
                                  "Shape",
                                  {
                                    "applyMatrix": false,
                                    "matrix": [1, 0, 0, 1, 3.77953, 29.93386],
                                    "data": {"aecad": {"part": "cu"}},
                                    "type": "rectangle",
                                    "size": [7.55906, 2.26772],
                                    "radius": [0, 0],
                                    "fillColor": [0.78039, 0.08235, 0.52157],
                                    "strokeWidth": 0
                                  }
                                ],
                                [
                                  "PointText",
                                  {
                                    "applyMatrix": false,
                                    "matrix": [
                                      1.41732,
                                      0,
                                      0,
                                      1.41732,
                                      3.77953,
                                      30.27402
                                    ],
                                    "data": {"aecad": {"part": "ttip"}},
                                    "content": "3y",
                                    "fillColor": [1, 1, 1],
                                    "fontSize": 0.8,
                                    "leading": 0.96,
                                    "justification": "center"
                                  }
                                ]
                              ]
                            }
                          ],
                          [
                            "Group",
                            {
                              "applyMatrix": true,
                              "data": {
                                "aecad": {
                                  "type": "Pad",
                                  "height": 0.6,
                                  "width": 2,
                                  "pin": 9,
                                  "label": "3a",
                                  "netid": "6"
                                }
                              },
                              "children": [
                                [
                                  "Shape",
                                  {
                                    "applyMatrix": false,
                                    "matrix": [1, 0, 0, 1, 3.77953, 34.73386],
                                    "data": {"aecad": {"part": "cu"}},
                                    "type": "rectangle",
                                    "size": [7.55906, 2.26772],
                                    "radius": [0, 0],
                                    "fillColor": [0.78039, 0.08235, 0.52157],
                                    "strokeWidth": 0
                                  }
                                ],
                                [
                                  "PointText",
                                  {
                                    "applyMatrix": false,
                                    "matrix": [
                                      1.41732,
                                      0,
                                      0,
                                      1.41732,
                                      3.77953,
                                      35.07402
                                    ],
                                    "data": {"aecad": {"part": "ttip"}},
                                    "content": "3a",
                                    "fillColor": [1, 1, 1],
                                    "fontSize": 0.8,
                                    "leading": 0.96,
                                    "justification": "center"
                                  }
                                ]
                              ]
                            }
                          ]
                        ]
                      }
                    ]
                  ]
                }
              ],
              [
                "Shape",
                {
                  "applyMatrix": false,
                  "matrix": [1, 0, 0, 1, 13.98425, 17.93386],
                  "data": {"aecad": {"part": "border1"}},
                  "type": "rectangle",
                  "size": [11.33858, 38.4],
                  "radius": [0.3, 0.3],
                  "strokeColor": [1, 0.07843, 0.57647],
                  "strokeWidth": 0.2
                }
              ],
              [
                "Shape",
                {
                  "applyMatrix": false,
                  "matrix": [1, 0, 0, 1, 10.20472, 0.37795],
                  "data": {"aecad": {"part": "border1"}},
                  "type": "circle",
                  "size": [1.88976, 1.88976],
                  "radius": 0.94488,
                  "strokeColor": [1, 0.07843, 0.57647],
                  "strokeWidth": 0.2
                }
              ]
            ]
          }
        ]
      ]
    }
  ]
]