[
  [
    "aeCAD",
    {
      "name": "aeCAD by Aktos Electronics",
      "website": "https://aktos.io/aecad",
      "dependencies": {"aecad": "908f46a"}
    }
  ],
  [
    "Layer",
    {
      "name": "gui",
      "applyMatrix": true,
      "children": [
        [
          "Group",
          {
            "applyMatrix": false,
            "matrix": [0, 1, -1, 0, -149.97514, 208.63378],
            "data": {
              "aecad": {
                "type": "Trace",
                "tid": "poIkvvyht",
                "netid": "5",
                "rotation": 90
              }
            },
            "children": [
              [
                "Path",
                {
                  "applyMatrix": true,
                  "data": {"aecad": {"side": "F.Cu"}},
                  "segments": [
                    [-188.50496, -48.03217],
                    [-188.50496, -54.85198],
                    [-196.00568, -62.3527],
                    [-221.98681, -62.3527],
                    [-228.54362, -55.79589],
                    [-228.54362, -53.23882],
                    [-227.89845, -52.59365]
                  ],
                  "strokeColor": [1, 0, 0],
                  "strokeWidth": 1.51181,
                  "strokeCap": "round",
                  "strokeJoin": "round"
                }
              ]
            ]
          }
        ],
        [
          "Group",
          {
            "applyMatrix": false,
            "matrix": [0, 1, -1, 0, -149.97514, 208.63378],
            "data": {
              "aecad": {
                "type": "Trace",
                "tid": "bgP9X1GtW",
                "netid": "3",
                "rotation": 90
              }
            },
            "children": [
              [
                "Path",
                {
                  "applyMatrix": true,
                  "data": {"aecad": {"side": "F.Cu"}},
                  "segments": [
                    [-188.50496, -0.03217],
                    [-240.64102, -0.03217],
                    [-251.51345, -10.9046],
                    [-251.51345, -13.15355]
                  ],
                  "strokeColor": [1, 0, 0],
                  "strokeWidth": 1.51181,
                  "strokeCap": "round",
                  "strokeJoin": "round"
                }
              ]
            ]
          }
        ],
        [
          "Group",
          {
            "applyMatrix": false,
            "matrix": [0, 1, -1, 0, -149.97514, 208.63378],
            "data": {
              "aecad": {
                "type": "Trace",
                "tid": "3kK-KHzCi",
                "netid": "3",
                "userDefined": "",
                "rotation": 90
              }
            },
            "children": [
              [
                "Path",
                {
                  "applyMatrix": true,
                  "data": {"aecad": {"side": "F.Cu"}},
                  "segments": [
                    [-251.51345, -13.28384],
                    [-231.08837, -13.28384],
                    [-231.04683, -13.2423],
                    [-226.26895, -13.2423],
                    [-218.70953, -20.80171],
                    [-218.70953, -33.37621],
                    [-213.89209, -38.19365],
                    [-207.489, -38.19365]
                  ],
                  "strokeColor": [1, 0, 0],
                  "strokeWidth": 1.51181,
                  "strokeCap": "round",
                  "strokeJoin": "round"
                }
              ]
            ]
          }
        ],
        [
          "Group",
          {
            "applyMatrix": false,
            "matrix": [0, 1, -1, 0, -149.97514, 208.63378],
            "data": {
              "aecad": {
                "type": "Trace",
                "tid": "cdV1x7btG",
                "netid": "5",
                "rotation": 90
              }
            },
            "children": [
              [
                "Path",
                {
                  "applyMatrix": true,
                  "data": {"aecad": {"side": "F.Cu"}},
                  "segments": [
                    [-251.51345, -41.95355],
                    [-244.46661, -41.95355],
                    [-239.68851, -46.73165],
                    [-239.68851, -50.02764],
                    [-237.1225, -52.59365],
                    [-227.89845, -52.59365]
                  ],
                  "strokeColor": [1, 0, 0],
                  "strokeWidth": 1.51181,
                  "strokeCap": "round",
                  "strokeJoin": "round"
                }
              ]
            ]
          }
        ],
        [
          "Group",
          {
            "applyMatrix": false,
            "matrix": [0, 1, -1, 0, -149.97514, 208.63378],
            "data": {
              "aecad": {
                "type": "Trace",
                "tid": "VF8nFugbr",
                "netid": "1",
                "rotation": 90
              }
            },
            "children": [
              [
                "Path",
                {
                  "applyMatrix": true,
                  "data": {"aecad": {"side": "F.Cu"}},
                  "segments": [
                    [-251.51345, -32.35355],
                    [-243.26464, -32.35355],
                    [-237.14187, -38.47633],
                    [-237.14187, -40.77812],
                    [-234.92634, -42.99365],
                    [-227.89845, -42.99365]
                  ],
                  "strokeColor": [1, 0, 0],
                  "strokeWidth": 1.51181,
                  "strokeCap": "round",
                  "strokeJoin": "round"
                }
              ]
            ]
          }
        ],
        [
          "Group",
          {
            "applyMatrix": false,
            "matrix": [0, 1, -1, 0, -149.97514, 208.63378],
            "data": {
              "aecad": {
                "type": "Trace",
                "tid": "HQlYuu8od",
                "netid": "2",
                "rotation": 90
              }
            },
            "children": [
              [
                "Path",
                {
                  "applyMatrix": true,
                  "data": {"aecad": {"side": "F.Cu"}},
                  "segments": [
                    [-251.51345, -22.75355],
                    [-242.40238, -22.75355],
                    [-237.16535, -27.99059],
                    [-237.16535, -33.16089],
                    [-232.13259, -38.19365],
                    [-227.89845, -38.19365]
                  ],
                  "strokeColor": [1, 0, 0],
                  "strokeWidth": 1.51181,
                  "strokeCap": "round",
                  "strokeJoin": "round"
                }
              ]
            ]
          }
        ],
        [
          "Group",
          {
            "applyMatrix": false,
            "matrix": [0, 1, -1, 0, -149.97514, 208.63378],
            "data": {
              "aecad": {
                "type": "Trace",
                "tid": "nqH2WB39o",
                "netid": "4",
                "rotation": 90
              }
            },
            "children": [
              [
                "Path",
                {
                  "applyMatrix": true,
                  "data": {"aecad": {"side": "F.Cu"}},
                  "segments": [
                    [-178.90496, -19.23217],
                    [-184.86772, -19.23217],
                    [-195.2948, -29.65925],
                    [-195.2948, -51.8629],
                    [-201.021, -57.58911],
                    [-217.84904, -57.58911],
                    [-221.70546, -53.73268],
                    [-221.70546, -49.75069],
                    [-223.6625, -47.79365],
                    [-227.89845, -47.79365]
                  ],
                  "strokeColor": [1, 0, 0],
                  "strokeWidth": 1.51181,
                  "strokeCap": "round",
                  "strokeJoin": "round"
                }
              ]
            ]
          }
        ],
        [
          "Group",
          {
            "applyMatrix": false,
            "matrix": [-1, 0, 0, -1, -89.84848, 33.73512],
            "data": {
              "aecad": {
                "type": "Trimpot_Bourns_3006P",
                "name": "r",
                "value": "",
                "_labels": {"1": "1", "2": "2", "3": "3"},
                "side": "B.Cu",
                "rotation": 180,
                "labels": null,
                "rev": 3,
                "_iface": {"1": "1", "2": "2", "3": "3"},
                "orig_labels": null,
                "userDefined": ""
              }
            },
            "children": [
              [
                "Group",
                {
                  "applyMatrix": true,
                  "data": {
                    "aecad": {
                      "type": "Pad",
                      "pin": 1,
                      "dia": 1.5,
                      "drill": 0.6,
                      "mirrored": false,
                      "netid": "5",
                      "rotation": 180,
                      "userDefined": ""
                    }
                  },
                  "children": [
                    [
                      "Shape",
                      {
                        "applyMatrix": false,
                        "matrix": [1, 0, 0, 1, 12.09449, 13.6063],
                        "data": {"aecad": {"part": "cu"}},
                        "type": "circle",
                        "size": [5.6693, 5.6693],
                        "radius": 2.83465,
                        "fillColor": [1, 0.64706, 0],
                        "strokeWidth": 0
                      }
                    ],
                    [
                      "Path",
                      {
                        "applyMatrix": true,
                        "data": {"aecad": {"part": "drill"}},
                        "segments": [
                          [[10.96063, 13.6063], [0, 0.62621], [0, -0.62621]],
                          [[12.09449, 12.47244], [-0.62621, 0], [0.62621, 0]],
                          [[13.22835, 13.6063], [0, -0.62621], [0, 0.62621]],
                          [[12.09449, 14.74016], [0.62621, 0], [-0.62621, 0]]
                        ],
                        "closed": true,
                        "fillColor": [0.1451, 0.1451, 0.1451],
                        "strokeWidth": 0
                      }
                    ],
                    [
                      "PointText",
                      {
                        "applyMatrix": false,
                        "matrix": [
                          -3.54331,
                          0,
                          0,
                          -3.54331,
                          12.09449,
                          12.75591
                        ],
                        "data": {"aecad": {"part": "ttip"}},
                        "content": "1",
                        "fillColor": [1, 1, 1],
                        "fontSize": 0.8,
                        "leading": 0.96,
                        "justification": "center"
                      }
                    ]
                  ]
                }
              ],
              [
                "Group",
                {
                  "applyMatrix": true,
                  "data": {
                    "aecad": {
                      "type": "Pad",
                      "pin": 2,
                      "dia": 1.5,
                      "drill": 0.6,
                      "mirrored": false,
                      "netid": "4",
                      "rotation": 180
                    }
                  },
                  "children": [
                    [
                      "Shape",
                      {
                        "applyMatrix": false,
                        "matrix": [1, 0, 0, 1, 40.89449, 4.0063],
                        "data": {"aecad": {"part": "cu"}},
                        "type": "circle",
                        "size": [5.6693, 5.6693],
                        "radius": 2.83465,
                        "fillColor": [1, 0.64706, 0],
                        "strokeWidth": 0
                      }
                    ],
                    [
                      "Path",
                      {
                        "applyMatrix": true,
                        "data": {"aecad": {"part": "drill"}},
                        "segments": [
                          [[39.76063, 4.0063], [0, 0.62621], [0, -0.62621]],
                          [[40.89449, 2.87244], [-0.62621, 0], [0.62621, 0]],
                          [[42.02835, 4.0063], [0, -0.62621], [0, 0.62621]],
                          [[40.89449, 5.14016], [0.62621, 0], [-0.62621, 0]]
                        ],
                        "closed": true,
                        "fillColor": [0.1451, 0.1451, 0.1451],
                        "strokeWidth": 0
                      }
                    ],
                    [
                      "PointText",
                      {
                        "applyMatrix": false,
                        "matrix": [-3.54331, 0, 0, -3.54331, 40.89449, 3.15591],
                        "data": {"aecad": {"part": "ttip"}},
                        "content": "2",
                        "fillColor": [1, 1, 1],
                        "fontSize": 0.8,
                        "leading": 0.96,
                        "justification": "center"
                      }
                    ]
                  ]
                }
              ],
              [
                "Group",
                {
                  "applyMatrix": true,
                  "data": {
                    "aecad": {
                      "type": "Pad",
                      "pin": 3,
                      "dia": 1.5,
                      "drill": 0.6,
                      "mirrored": false,
                      "netid": "3",
                      "rotation": 180
                    }
                  },
                  "children": [
                    [
                      "Shape",
                      {
                        "applyMatrix": false,
                        "matrix": [1, 0, 0, 1, 60.09449, 13.6063],
                        "data": {"aecad": {"part": "cu"}},
                        "type": "circle",
                        "size": [5.6693, 5.6693],
                        "radius": 2.83465,
                        "fillColor": [1, 0.64706, 0],
                        "strokeWidth": 0
                      }
                    ],
                    [
                      "Path",
                      {
                        "applyMatrix": true,
                        "data": {"aecad": {"part": "drill"}},
                        "segments": [
                          [[58.96063, 13.6063], [0, 0.62621], [0, -0.62621]],
                          [[60.09449, 12.47244], [-0.62621, 0], [0.62621, 0]],
                          [[61.22835, 13.6063], [0, -0.62621], [0, 0.62621]],
                          [[60.09449, 14.74016], [0.62621, 0], [-0.62621, 0]]
                        ],
                        "closed": true,
                        "fillColor": [0.1451, 0.1451, 0.1451],
                        "strokeWidth": 0
                      }
                    ],
                    [
                      "PointText",
                      {
                        "applyMatrix": false,
                        "matrix": [
                          -3.54331,
                          0,
                          0,
                          -3.54331,
                          60.09449,
                          12.75591
                        ],
                        "data": {"aecad": {"part": "ttip"}},
                        "content": "3",
                        "fillColor": [1, 1, 1],
                        "fontSize": 0.8,
                        "leading": 0.96,
                        "justification": "center"
                      }
                    ]
                  ]
                }
              ],
              [
                "Shape",
                {
                  "applyMatrix": false,
                  "matrix": [1, 0, 0, 1, 36.28346, 9.44882],
                  "data": {"aecad": {"part": "border1"}},
                  "type": "rectangle",
                  "size": [72.56693, 18.89764],
                  "radius": [0.3, 0.3],
                  "strokeColor": [0.12549, 0.69804, 0.66667],
                  "strokeWidth": 0.2
                }
              ],
              [
                "Shape",
                {
                  "applyMatrix": false,
                  "matrix": [1, 0, 0, 1, 74.07874, 9.44882],
                  "data": {"aecad": {"part": "border2"}},
                  "type": "rectangle",
                  "size": [3.02362, 9.07087],
                  "radius": [0.3, 0.3],
                  "strokeColor": [0.12549, 0.69804, 0.66667],
                  "strokeWidth": 0.2
                }
              ]
            ]
          }
        ],
        [
          "Group",
          {
            "applyMatrix": false,
            "matrix": [1, 0, 0, 1, -174.31429, -68.44626],
            "data": {
              "aecad": {
                "type": "RefCross",
                "name": "__b",
                "value": "",
                "side": "Edge",
                "helper": true,
                "orig_labels": null,
                "labels": null
              }
            },
            "children": [
              [
                "Path",
                {
                  "applyMatrix": true,
                  "data": {"aecad": {"part": "v"}},
                  "segments": [[-20, 0], [20, 0]],
                  "strokeColor": [1, 1, 1]
                }
              ],
              [
                "Path",
                {
                  "applyMatrix": true,
                  "data": {"aecad": {"part": "h"}},
                  "segments": [[0, -20], [0, 20]],
                  "strokeColor": [1, 1, 1]
                }
              ]
            ]
          }
        ],
        [
          "Group",
          {
            "applyMatrix": false,
            "matrix": [1, 0, 0, 1, -174.27321, 13.00389],
            "data": {
              "aecad": {
                "type": "RefCross",
                "name": "__a",
                "value": "",
                "side": "Edge",
                "helper": true,
                "orig_labels": null,
                "labels": null
              }
            },
            "children": [
              [
                "Path",
                {
                  "applyMatrix": true,
                  "data": {"aecad": {"part": "v"}},
                  "segments": [[-20, 0], [20, 0]],
                  "strokeColor": [1, 1, 1]
                }
              ],
              [
                "Path",
                {
                  "applyMatrix": true,
                  "data": {"aecad": {"part": "h"}},
                  "segments": [[0, -20], [0, 20]],
                  "strokeColor": [1, 1, 1]
                }
              ]
            ]
          }
        ],
        [
          "Group",
          {
            "applyMatrix": false,
            "matrix": [0, -1, 1, 0, -138.74159, -37.59967],
            "data": {
              "aecad": {
                "type": "Conn",
                "name": "i1",
                "value": "1x4 2.54mm smd",
                "rev": 1,
                "_labels": {"1": "1", "2": "2", "3": "3", "4": "4"},
                "_iface": {"1": 1, "2": 2, "3": 3, "4": 4},
                "side": "F.Cu",
                "rotation": 270,
                "orig_labels": null,
                "labels": null
              }
            },
            "children": [
              [
                "Group",
                {
                  "applyMatrix": false,
                  "data": {
                    "aecad": {
                      "type": "PinArray",
                      "pad": {"width": 2.794, "height": 1.016},
                      "cols": {"count": 1, "interval": 2.54},
                      "rows": {"count": 4, "interval": 2.54},
                      "dir": "x",
                      "_iface": {"1": 1, "2": 2, "3": 3, "4": 4}
                    }
                  },
                  "children": [
                    [
                      "Group",
                      {
                        "applyMatrix": true,
                        "data": {
                          "aecad": {
                            "type": "Pad",
                            "width": 2.794,
                            "height": 1.016,
                            "pin": 1,
                            "label": 1,
                            "netid": "3",
                            "userDefined": "",
                            "rotation": 270
                          }
                        },
                        "children": [
                          [
                            "Shape",
                            {
                              "applyMatrix": false,
                              "matrix": [1, 0, 0, 1, 5.28, 1.92],
                              "data": {"aecad": {"part": "cu"}},
                              "type": "rectangle",
                              "size": [10.56, 3.84],
                              "radius": [0, 0],
                              "fillColor": [1, 0, 0],
                              "strokeWidth": 0
                            }
                          ],
                          [
                            "PointText",
                            {
                              "applyMatrix": false,
                              "matrix": [
                                0,
                                5.17851,
                                -5.17851,
                                0,
                                4.03716,
                                1.92
                              ],
                              "data": {"aecad": {"part": "ttip"}},
                              "content": "1",
                              "fillColor": [1, 1, 1],
                              "fontSize": 0.8,
                              "leading": 0.96,
                              "justification": "center"
                            }
                          ]
                        ]
                      }
                    ],
                    [
                      "Group",
                      {
                        "applyMatrix": true,
                        "data": {
                          "aecad": {
                            "type": "Pad",
                            "width": 2.794,
                            "height": 1.016,
                            "pin": 2,
                            "label": 2,
                            "netid": "2",
                            "userDefined": "",
                            "rotation": 270
                          }
                        },
                        "children": [
                          [
                            "Shape",
                            {
                              "applyMatrix": false,
                              "matrix": [1, 0, 0, 1, 5.28, 11.52],
                              "data": {"aecad": {"part": "cu"}},
                              "type": "rectangle",
                              "size": [10.56, 3.84],
                              "radius": [0, 0],
                              "fillColor": [1, 0, 0],
                              "strokeWidth": 0
                            }
                          ],
                          [
                            "PointText",
                            {
                              "applyMatrix": false,
                              "matrix": [
                                0,
                                5.17851,
                                -5.17851,
                                0,
                                4.03716,
                                11.52
                              ],
                              "data": {"aecad": {"part": "ttip"}},
                              "content": "2",
                              "fillColor": [1, 1, 1],
                              "fontSize": 0.8,
                              "leading": 0.96,
                              "justification": "center"
                            }
                          ]
                        ]
                      }
                    ],
                    [
                      "Group",
                      {
                        "applyMatrix": true,
                        "data": {
                          "aecad": {
                            "type": "Pad",
                            "width": 2.794,
                            "height": 1.016,
                            "pin": 3,
                            "label": 3,
                            "netid": "1",
                            "rotation": 270,
                            "userDefined": ""
                          }
                        },
                        "children": [
                          [
                            "Shape",
                            {
                              "applyMatrix": false,
                              "matrix": [1, 0, 0, 1, 5.28, 21.12],
                              "data": {"aecad": {"part": "cu"}},
                              "type": "rectangle",
                              "size": [10.56, 3.84],
                              "radius": [0, 0],
                              "fillColor": [1, 0, 0],
                              "strokeWidth": 0
                            }
                          ],
                          [
                            "PointText",
                            {
                              "applyMatrix": false,
                              "matrix": [
                                0,
                                5.17851,
                                -5.17851,
                                0,
                                4.03716,
                                21.12
                              ],
                              "data": {"aecad": {"part": "ttip"}},
                              "content": "3",
                              "fillColor": [1, 1, 1],
                              "fontSize": 0.8,
                              "leading": 0.96,
                              "justification": "center"
                            }
                          ]
                        ]
                      }
                    ],
                    [
                      "Group",
                      {
                        "applyMatrix": true,
                        "data": {
                          "aecad": {
                            "type": "Pad",
                            "width": 2.794,
                            "height": 1.016,
                            "pin": 4,
                            "label": 4,
                            "netid": "5",
                            "rotation": 270
                          }
                        },
                        "children": [
                          [
                            "Shape",
                            {
                              "applyMatrix": false,
                              "matrix": [1, 0, 0, 1, 5.28, 30.72],
                              "data": {"aecad": {"part": "cu"}},
                              "type": "rectangle",
                              "size": [10.56, 3.84],
                              "radius": [0, 0],
                              "fillColor": [1, 0, 0],
                              "strokeWidth": 0
                            }
                          ],
                          [
                            "PointText",
                            {
                              "applyMatrix": false,
                              "matrix": [
                                0,
                                5.17851,
                                -5.17851,
                                0,
                                4.03716,
                                30.72
                              ],
                              "data": {"aecad": {"part": "ttip"}},
                              "content": "4",
                              "fillColor": [1, 1, 1],
                              "fontSize": 0.8,
                              "leading": 0.96,
                              "justification": "center"
                            }
                          ]
                        ]
                      }
                    ]
                  ]
                }
              ]
            ]
          }
        ]
      ]
    }
  ],
  [
    "Layer",
    {
      "name": "gui",
      "applyMatrix": true,
      "children": [
        [
          "Group",
          {
            "applyMatrix": false,
            "matrix": [0, 1, -1, 0, -96.24763, -23.0442],
            "data": {
              "aecad": {
                "type": "LM324_SOIC",
                "name": "c1",
                "value": "",
                "_labels": {
                  "1": "out1",
                  "2": "in1-",
                  "3": "in1+",
                  "4": "vcc",
                  "5": "in2+",
                  "6": "in2-",
                  "7": "out2",
                  "8": "out3",
                  "9": "in3-",
                  "10": "in3+",
                  "11": "vee",
                  "12": "in4+",
                  "13": "in4-",
                  "14": "out4"
                },
                "side": "F.Cu",
                "orig_labels": null,
                "labels": null,
                "rev": 7,
                "_iface": {
                  "1": "out1",
                  "2": "in1-",
                  "3": "in1+",
                  "4": "vcc",
                  "5": "in2+",
                  "6": "in2-",
                  "7": "out2",
                  "8": "out3",
                  "9": "in3-",
                  "10": "in3+",
                  "11": "vee",
                  "12": "in4+",
                  "13": "in4-",
                  "14": "out4"
                },
                "rotation": 90
              }
            },
            "children": [
              [
                "Group",
                {
                  "applyMatrix": false,
                  "data": {
                    "aecad": {
                      "type": "PinArray",
                      "pad": {"height": 0.6, "width": 2},
                      "rows": {"count": 7, "interval": 1.27},
                      "labels": {
                        "1": "out1",
                        "2": "in1-",
                        "3": "in1+",
                        "4": "vcc",
                        "5": "in2+",
                        "6": "in2-",
                        "7": "out2",
                        "8": "out3",
                        "9": "in3-",
                        "10": "in3+",
                        "11": "vee",
                        "12": "in4+",
                        "13": "in4-",
                        "14": "out4"
                      },
                      "_iface": {
                        "1": "out1",
                        "2": "in1-",
                        "3": "in1+",
                        "4": "vcc",
                        "5": "in2+",
                        "6": "in2-",
                        "7": "out2"
                      }
                    }
                  },
                  "children": [
                    [
                      "Group",
                      {
                        "applyMatrix": true,
                        "data": {
                          "aecad": {
                            "type": "Pad",
                            "height": 0.6,
                            "width": 2,
                            "pin": 1,
                            "label": "out1",
                            "netid": "5",
                            "rotation": 90
                          }
                        },
                        "children": [
                          [
                            "Shape",
                            {
                              "applyMatrix": false,
                              "matrix": [1, 0, 0, 1, 3.77953, 1.13386],
                              "data": {"aecad": {"part": "cu"}},
                              "type": "rectangle",
                              "size": [7.55906, 2.26772],
                              "radius": [0, 0],
                              "fillColor": [1, 0, 0],
                              "strokeWidth": 0
                            }
                          ],
                          [
                            "PointText",
                            {
                              "applyMatrix": false,
                              "matrix": [
                                0,
                                -0.87388,
                                0.87388,
                                0,
                                3.98926,
                                1.13386
                              ],
                              "data": {"aecad": {"part": "ttip"}},
                              "content": "out1",
                              "fillColor": [1, 1, 1],
                              "fontSize": 0.8,
                              "leading": 0.96,
                              "justification": "center"
                            }
                          ]
                        ]
                      }
                    ],
                    [
                      "Group",
                      {
                        "applyMatrix": true,
                        "data": {
                          "aecad": {
                            "type": "Pad",
                            "height": 0.6,
                            "width": 2,
                            "pin": 2,
                            "label": "in1-",
                            "netid": "4",
                            "rotation": 90
                          }
                        },
                        "children": [
                          [
                            "Shape",
                            {
                              "applyMatrix": false,
                              "matrix": [1, 0, 0, 1, 3.77953, 5.93386],
                              "data": {"aecad": {"part": "cu"}},
                              "type": "rectangle",
                              "size": [7.55906, 2.26772],
                              "radius": [0, 0],
                              "fillColor": [1, 0, 0],
                              "strokeWidth": 0
                            }
                          ],
                          [
                            "PointText",
                            {
                              "applyMatrix": false,
                              "matrix": [
                                0,
                                -1.01999,
                                1.01999,
                                0,
                                4.02433,
                                5.93386
                              ],
                              "data": {"aecad": {"part": "ttip"}},
                              "content": "in1-",
                              "fillColor": [1, 1, 1],
                              "fontSize": 0.8,
                              "leading": 0.96,
                              "justification": "center"
                            }
                          ]
                        ]
                      }
                    ],
                    [
                      "Group",
                      {
                        "applyMatrix": true,
                        "data": {
                          "aecad": {
                            "type": "Pad",
                            "height": 0.6,
                            "width": 2,
                            "pin": 3,
                            "label": "in1+",
                            "netid": "1",
                            "rotation": 90
                          }
                        },
                        "children": [
                          [
                            "Shape",
                            {
                              "applyMatrix": false,
                              "matrix": [1, 0, 0, 1, 3.77953, 10.73386],
                              "data": {"aecad": {"part": "cu"}},
                              "type": "rectangle",
                              "size": [7.55906, 2.26772],
                              "radius": [0, 0],
                              "fillColor": [1, 0, 0],
                              "strokeWidth": 0
                            }
                          ],
                          [
                            "PointText",
                            {
                              "applyMatrix": false,
                              "matrix": [
                                0,
                                -0.88655,
                                0.88655,
                                0,
                                3.9923,
                                10.73386
                              ],
                              "data": {"aecad": {"part": "ttip"}},
                              "content": "in1+",
                              "fillColor": [1, 1, 1],
                              "fontSize": 0.8,
                              "leading": 0.96,
                              "justification": "center"
                            }
                          ]
                        ]
                      }
                    ],
                    [
                      "Group",
                      {
                        "applyMatrix": true,
                        "data": {
                          "aecad": {
                            "type": "Pad",
                            "height": 0.6,
                            "width": 2,
                            "pin": 4,
                            "label": "vcc",
                            "netid": "2",
                            "rotation": 90
                          }
                        },
                        "children": [
                          [
                            "Shape",
                            {
                              "applyMatrix": false,
                              "matrix": [1, 0, 0, 1, 3.77953, 15.53386],
                              "data": {"aecad": {"part": "cu"}},
                              "type": "rectangle",
                              "size": [7.55906, 2.26772],
                              "radius": [0, 0],
                              "fillColor": [1, 0, 0],
                              "strokeWidth": 0
                            }
                          ],
                          [
                            "PointText",
                            {
                              "applyMatrix": false,
                              "matrix": [
                                0,
                                -1.13388,
                                1.13387,
                                0,
                                4.05166,
                                15.53386
                              ],
                              "data": {"aecad": {"part": "ttip"}},
                              "content": "vcc",
                              "fillColor": [1, 1, 1],
                              "fontSize": 0.8,
                              "leading": 0.96,
                              "justification": "center"
                            }
                          ]
                        ]
                      }
                    ],
                    [
                      "Group",
                      {
                        "applyMatrix": true,
                        "data": {
                          "aecad": {
                            "type": "Pad",
                            "height": 0.6,
                            "width": 2,
                            "pin": 5,
                            "label": "in2+",
                            "rotation": 90
                          }
                        },
                        "children": [
                          [
                            "Shape",
                            {
                              "applyMatrix": false,
                              "matrix": [1, 0, 0, 1, 3.77953, 20.33386],
                              "data": {"aecad": {"part": "cu"}},
                              "type": "rectangle",
                              "size": [7.55906, 2.26772],
                              "radius": [0, 0],
                              "fillColor": [1, 0, 0],
                              "strokeWidth": 0
                            }
                          ],
                          [
                            "PointText",
                            {
                              "applyMatrix": false,
                              "matrix": [
                                0,
                                -0.88655,
                                0.88655,
                                0,
                                3.9923,
                                20.33386
                              ],
                              "data": {"aecad": {"part": "ttip"}},
                              "content": "in2+",
                              "fillColor": [1, 1, 1],
                              "fontSize": 0.8,
                              "leading": 0.96,
                              "justification": "center"
                            }
                          ]
                        ]
                      }
                    ],
                    [
                      "Group",
                      {
                        "applyMatrix": true,
                        "data": {
                          "aecad": {
                            "type": "Pad",
                            "height": 0.6,
                            "width": 2,
                            "pin": 6,
                            "label": "in2-",
                            "rotation": 90
                          }
                        },
                        "children": [
                          [
                            "Shape",
                            {
                              "applyMatrix": false,
                              "matrix": [1, 0, 0, 1, 3.77953, 25.13386],
                              "data": {"aecad": {"part": "cu"}},
                              "type": "rectangle",
                              "size": [7.55906, 2.26772],
                              "radius": [0, 0],
                              "fillColor": [1, 0, 0],
                              "strokeWidth": 0
                            }
                          ],
                          [
                            "PointText",
                            {
                              "applyMatrix": false,
                              "matrix": [
                                0,
                                -1.01999,
                                1.01999,
                                0,
                                4.02433,
                                25.13386
                              ],
                              "data": {"aecad": {"part": "ttip"}},
                              "content": "in2-",
                              "fillColor": [1, 1, 1],
                              "fontSize": 0.8,
                              "leading": 0.96,
                              "justification": "center"
                            }
                          ]
                        ]
                      }
                    ],
                    [
                      "Group",
                      {
                        "applyMatrix": true,
                        "data": {
                          "aecad": {
                            "type": "Pad",
                            "height": 0.6,
                            "width": 2,
                            "pin": 7,
                            "label": "out2",
                            "rotation": 90
                          }
                        },
                        "children": [
                          [
                            "Shape",
                            {
                              "applyMatrix": false,
                              "matrix": [1, 0, 0, 1, 3.77953, 29.93386],
                              "data": {"aecad": {"part": "cu"}},
                              "type": "rectangle",
                              "size": [7.55906, 2.26772],
                              "radius": [0, 0],
                              "fillColor": [1, 0, 0],
                              "strokeWidth": 0
                            }
                          ],
                          [
                            "PointText",
                            {
                              "applyMatrix": false,
                              "matrix": [
                                0,
                                -0.87388,
                                0.87388,
                                0,
                                3.98926,
                                29.93386
                              ],
                              "data": {"aecad": {"part": "ttip"}},
                              "content": "out2",
                              "fillColor": [1, 1, 1],
                              "fontSize": 0.8,
                              "leading": 0.96,
                              "justification": "center"
                            }
                          ]
                        ]
                      }
                    ]
                  ]
                }
              ],
              [
                "Group",
                {
                  "applyMatrix": false,
                  "matrix": [1, 0, 0, 1, 20.40945, 0],
                  "data": {
                    "aecad": {
                      "type": "PinArray",
                      "start": 8,
                      "pad": {"height": 0.6, "width": 2},
                      "dir": "-y",
                      "rows": {"count": 7, "interval": 1.27},
                      "labels": {
                        "1": "out1",
                        "2": "in1-",
                        "3": "in1+",
                        "4": "vcc",
                        "5": "in2+",
                        "6": "in2-",
                        "7": "out2",
                        "8": "out3",
                        "9": "in3-",
                        "10": "in3+",
                        "11": "vee",
                        "12": "in4+",
                        "13": "in4-",
                        "14": "out4"
                      },
                      "_iface": {
                        "8": "out3",
                        "9": "in3-",
                        "10": "in3+",
                        "11": "vee",
                        "12": "in4+",
                        "13": "in4-",
                        "14": "out4"
                      }
                    }
                  },
                  "children": [
                    [
                      "Group",
                      {
                        "applyMatrix": true,
                        "data": {
                          "aecad": {
                            "type": "Pad",
                            "height": 0.6,
                            "width": 2,
                            "pin": 14,
                            "label": "out4",
                            "rotation": 90
                          }
                        },
                        "children": [
                          [
                            "Shape",
                            {
                              "applyMatrix": false,
                              "matrix": [1, 0, 0, 1, 3.77953, 1.13386],
                              "data": {"aecad": {"part": "cu"}},
                              "type": "rectangle",
                              "size": [7.55906, 2.26772],
                              "radius": [0, 0],
                              "fillColor": [1, 0, 0],
                              "strokeWidth": 0
                            }
                          ],
                          [
                            "PointText",
                            {
                              "applyMatrix": false,
                              "matrix": [
                                0,
                                -0.87388,
                                0.87388,
                                0,
                                3.98926,
                                1.13386
                              ],
                              "data": {"aecad": {"part": "ttip"}},
                              "content": "out4",
                              "fillColor": [1, 1, 1],
                              "fontSize": 0.8,
                              "leading": 0.96,
                              "justification": "center"
                            }
                          ]
                        ]
                      }
                    ],
                    [
                      "Group",
                      {
                        "applyMatrix": true,
                        "data": {
                          "aecad": {
                            "type": "Pad",
                            "height": 0.6,
                            "width": 2,
                            "pin": 13,
                            "label": "in4-",
                            "rotation": 90
                          }
                        },
                        "children": [
                          [
                            "Shape",
                            {
                              "applyMatrix": false,
                              "matrix": [1, 0, 0, 1, 3.77953, 5.93386],
                              "data": {"aecad": {"part": "cu"}},
                              "type": "rectangle",
                              "size": [7.55906, 2.26772],
                              "radius": [0, 0],
                              "fillColor": [1, 0, 0],
                              "strokeWidth": 0
                            }
                          ],
                          [
                            "PointText",
                            {
                              "applyMatrix": false,
                              "matrix": [
                                0,
                                -1.01999,
                                1.01999,
                                0,
                                4.02433,
                                5.93386
                              ],
                              "data": {"aecad": {"part": "ttip"}},
                              "content": "in4-",
                              "fillColor": [1, 1, 1],
                              "fontSize": 0.8,
                              "leading": 0.96,
                              "justification": "center"
                            }
                          ]
                        ]
                      }
                    ],
                    [
                      "Group",
                      {
                        "applyMatrix": true,
                        "data": {
                          "aecad": {
                            "type": "Pad",
                            "height": 0.6,
                            "width": 2,
                            "pin": 12,
                            "label": "in4+",
                            "rotation": 90
                          }
                        },
                        "children": [
                          [
                            "Shape",
                            {
                              "applyMatrix": false,
                              "matrix": [1, 0, 0, 1, 3.77953, 10.73386],
                              "data": {"aecad": {"part": "cu"}},
                              "type": "rectangle",
                              "size": [7.55906, 2.26772],
                              "radius": [0, 0],
                              "fillColor": [1, 0, 0],
                              "strokeWidth": 0
                            }
                          ],
                          [
                            "PointText",
                            {
                              "applyMatrix": false,
                              "matrix": [
                                0,
                                -0.88655,
                                0.88655,
                                0,
                                3.9923,
                                10.73386
                              ],
                              "data": {"aecad": {"part": "ttip"}},
                              "content": "in4+",
                              "fillColor": [1, 1, 1],
                              "fontSize": 0.8,
                              "leading": 0.96,
                              "justification": "center"
                            }
                          ]
                        ]
                      }
                    ],
                    [
                      "Group",
                      {
                        "applyMatrix": true,
                        "data": {
                          "aecad": {
                            "type": "Pad",
                            "height": 0.6,
                            "width": 2,
                            "pin": 11,
                            "label": "vee",
                            "netid": "3",
                            "rotation": 90
                          }
                        },
                        "children": [
                          [
                            "Shape",
                            {
                              "applyMatrix": false,
                              "matrix": [1, 0, 0, 1, 3.77953, 15.53386],
                              "data": {"aecad": {"part": "cu"}},
                              "type": "rectangle",
                              "size": [7.55906, 2.26772],
                              "radius": [0, 0],
                              "fillColor": [1, 0, 0],
                              "strokeWidth": 0
                            }
                          ],
                          [
                            "PointText",
                            {
                              "applyMatrix": false,
                              "matrix": [
                                0,
                                -1.0549,
                                1.0549,
                                0,
                                4.03271,
                                15.53386
                              ],
                              "data": {"aecad": {"part": "ttip"}},
                              "content": "vee",
                              "fillColor": [1, 1, 1],
                              "fontSize": 0.8,
                              "leading": 0.96,
                              "justification": "center"
                            }
                          ]
                        ]
                      }
                    ],
                    [
                      "Group",
                      {
                        "applyMatrix": true,
                        "data": {
                          "aecad": {
                            "type": "Pad",
                            "height": 0.6,
                            "width": 2,
                            "pin": 10,
                            "label": "in3+",
                            "rotation": 90
                          }
                        },
                        "children": [
                          [
                            "Shape",
                            {
                              "applyMatrix": false,
                              "matrix": [1, 0, 0, 1, 3.77953, 20.33386],
                              "data": {"aecad": {"part": "cu"}},
                              "type": "rectangle",
                              "size": [7.55906, 2.26772],
                              "radius": [0, 0],
                              "fillColor": [1, 0, 0],
                              "strokeWidth": 0
                            }
                          ],
                          [
                            "PointText",
                            {
                              "applyMatrix": false,
                              "matrix": [
                                0,
                                -0.88655,
                                0.88655,
                                0,
                                3.9923,
                                20.33386
                              ],
                              "data": {"aecad": {"part": "ttip"}},
                              "content": "in3+",
                              "fillColor": [1, 1, 1],
                              "fontSize": 0.8,
                              "leading": 0.96,
                              "justification": "center"
                            }
                          ]
                        ]
                      }
                    ],
                    [
                      "Group",
                      {
                        "applyMatrix": true,
                        "data": {
                          "aecad": {
                            "type": "Pad",
                            "height": 0.6,
                            "width": 2,
                            "pin": 9,
                            "label": "in3-",
                            "rotation": 90
                          }
                        },
                        "children": [
                          [
                            "Shape",
                            {
                              "applyMatrix": false,
                              "matrix": [1, 0, 0, 1, 3.77953, 25.13386],
                              "data": {"aecad": {"part": "cu"}},
                              "type": "rectangle",
                              "size": [7.55906, 2.26772],
                              "radius": [0, 0],
                              "fillColor": [1, 0, 0],
                              "strokeWidth": 0
                            }
                          ],
                          [
                            "PointText",
                            {
                              "applyMatrix": false,
                              "matrix": [
                                0,
                                -1.01999,
                                1.01999,
                                0,
                                4.02433,
                                25.13386
                              ],
                              "data": {"aecad": {"part": "ttip"}},
                              "content": "in3-",
                              "fillColor": [1, 1, 1],
                              "fontSize": 0.8,
                              "leading": 0.96,
                              "justification": "center"
                            }
                          ]
                        ]
                      }
                    ],
                    [
                      "Group",
                      {
                        "applyMatrix": true,
                        "data": {
                          "aecad": {
                            "type": "Pad",
                            "height": 0.6,
                            "width": 2,
                            "pin": 8,
                            "label": "out3",
                            "rotation": 90
                          }
                        },
                        "children": [
                          [
                            "Shape",
                            {
                              "applyMatrix": false,
                              "matrix": [1, 0, 0, 1, 3.77953, 29.93386],
                              "data": {"aecad": {"part": "cu"}},
                              "type": "rectangle",
                              "size": [7.55906, 2.26772],
                              "radius": [0, 0],
                              "fillColor": [1, 0, 0],
                              "strokeWidth": 0
                            }
                          ],
                          [
                            "PointText",
                            {
                              "applyMatrix": false,
                              "matrix": [
                                0,
                                -0.87388,
                                0.87388,
                                0,
                                3.98926,
                                29.93386
                              ],
                              "data": {"aecad": {"part": "ttip"}},
                              "content": "out3",
                              "fillColor": [1, 1, 1],
                              "fontSize": 0.8,
                              "leading": 0.96,
                              "justification": "center"
                            }
                          ]
                        ]
                      }
                    ]
                  ]
                }
              ],
              [
                "Shape",
                {
                  "applyMatrix": false,
                  "matrix": [1, 0, 0, 1, 13.98425, 15.53386],
                  "data": {"aecad": {"part": "border1"}},
                  "type": "rectangle",
                  "size": [11.33858, 33.6],
                  "radius": [0.3, 0.3],
                  "strokeColor": [1, 0.07843, 0.57647],
                  "strokeWidth": 0.2
                }
              ],
              [
                "Shape",
                {
                  "applyMatrix": false,
                  "matrix": [1, 0, 0, 1, 10.20472, 0.37795],
                  "data": {"aecad": {"part": "border2"}},
                  "type": "circle",
                  "size": [1.88976, 1.88976],
                  "radius": 0.94488,
                  "strokeColor": [1, 0.07843, 0.57647],
                  "strokeWidth": 0.2
                }
              ]
            ]
          }
        ]
      ]
    }
  ]
]