[
  [
    "aeCAD",
    {
      "name": "aeCAD by Aktos Electronics",
      "website": "https://aktos.io/aecad",
      "dependencies": {"aecad": "908f46a"}
    }
  ],
  [
    "Layer",
    {
      "name": "gui",
      "applyMatrix": true,
      "children": [
        [
          "Group",
          {
            "applyMatrix": false,
            "matrix": [0, 1, -1, 0, -88.6063, 94.65355],
            "data": {
              "aecad": {
                "type": "Trace",
                "tid": "3Q2z2RjEZ",
                "netid": "1",
                "rotation": 90
              }
            },
            "children": [
              [
                "Path",
                {
                  "applyMatrix": true,
                  "data": {"aecad": {"side": "F.Cu"}},
                  "segments": [[-119.08661, 3.02362], [-65.46182, 3.02362]],
                  "strokeColor": [1, 0, 0],
                  "strokeWidth": 1.13386,
                  "strokeCap": "round",
                  "strokeJoin": "round"
                }
              ]
            ]
          }
        ],
        [
          "Group",
          {
            "applyMatrix": false,
            "matrix": [0, 1, -1, 0, -88.6063, 28.77952],
            "data": {
              "aecad": {
                "type": "Jumper_1206",
                "name": "c1",
                "value": "",
                "_labels": {"1": "1", "2": "1"},
                "side": "F.Cu",
                "labels": null,
                "rev": 3,
                "_iface": {"1": 1, "2": 1},
                "orig_labels": null,
                "rotation": 90,
                "userDefined": ""
              }
            },
            "children": [
              [
                "Group",
                {
                  "applyMatrix": true,
                  "data": {
                    "aecad": {
                      "type": "Pad",
                      "width": 0.9,
                      "height": 1.6,
                      "pin": 1,
                      "label": 1,
                      "netid": "1",
                      "rotation": 90
                    }
                  },
                  "children": [
                    [
                      "Shape",
                      {
                        "applyMatrix": false,
                        "matrix": [1, 0, 0, 1, 1.70079, 3.02362],
                        "data": {"aecad": {"part": "cu"}},
                        "type": "rectangle",
                        "size": [3.40157, 6.04724],
                        "radius": [0, 0],
                        "fillColor": [1, 0, 0],
                        "strokeWidth": 0
                      }
                    ],
                    [
                      "PointText",
                      {
                        "applyMatrix": false,
                        "matrix": [0, -2.12598, 2.12598, 0, 2.21103, 3.02362],
                        "data": {"aecad": {"part": "ttip"}},
                        "content": "1",
                        "fillColor": [1, 1, 1],
                        "fontSize": 0.8,
                        "leading": 0.96,
                        "justification": "center"
                      }
                    ]
                  ]
                }
              ],
              [
                "Group",
                {
                  "applyMatrix": true,
                  "data": {
                    "aecad": {
                      "type": "Pad",
                      "width": 0.9,
                      "height": 1.6,
                      "pin": 2,
                      "label": 1,
                      "netid": "1",
                      "rotation": 90
                    }
                  },
                  "children": [
                    [
                      "Shape",
                      {
                        "applyMatrix": false,
                        "matrix": [1, 0, 0, 1, 12.66142, 3.02362],
                        "data": {"aecad": {"part": "cu"}},
                        "type": "rectangle",
                        "size": [3.40157, 6.04724],
                        "radius": [0, 0],
                        "fillColor": [1, 0, 0],
                        "strokeWidth": 0
                      }
                    ],
                    [
                      "PointText",
                      {
                        "applyMatrix": false,
                        "matrix": [0, -2.12598, 2.12598, 0, 13.17166, 3.02362],
                        "data": {"aecad": {"part": "ttip"}},
                        "content": "1",
                        "fillColor": [1, 1, 1],
                        "fontSize": 0.8,
                        "leading": 0.96,
                        "justification": "center"
                      }
                    ]
                  ]
                }
              ],
              [
                "Shape",
                {
                  "applyMatrix": false,
                  "matrix": [1, 0, 0, 1, 7.1811, 3.02362],
                  "data": {"aecad": {"part": "border1"}},
                  "type": "rectangle",
                  "size": [15.87402, 7.55906],
                  "radius": [0.3, 0.3],
                  "strokeColor": [1, 0.07843, 0.57647],
                  "strokeWidth": 0.2
                }
              ]
            ]
          }
        ],
        [
          "Group",
          {
            "applyMatrix": false,
            "matrix": [0, 1, -1, 0, -88.60631, -37.09449],
            "data": {
              "aecad": {
                "type": "Jumper_1206",
                "name": "c2",
                "value": "",
                "_labels": {"1": "1", "2": "1"},
                "side": "F.Cu",
                "labels": null,
                "rev": 3,
                "_iface": {"1": 1, "2": 1},
                "orig_labels": null,
                "rotation": 90,
                "userDefined": ""
              }
            },
            "children": [
              [
                "Group",
                {
                  "applyMatrix": true,
                  "data": {
                    "aecad": {
                      "type": "Pad",
                      "width": 0.9,
                      "height": 1.6,
                      "pin": 1,
                      "label": 1,
                      "netid": "1",
                      "rotation": 90
                    }
                  },
                  "children": [
                    [
                      "Shape",
                      {
                        "applyMatrix": false,
                        "matrix": [1, 0, 0, 1, 1.70079, 3.02362],
                        "data": {"aecad": {"part": "cu"}},
                        "type": "rectangle",
                        "size": [3.40157, 6.04724],
                        "radius": [0, 0],
                        "fillColor": [1, 0, 0],
                        "strokeWidth": 0
                      }
                    ],
                    [
                      "PointText",
                      {
                        "applyMatrix": false,
                        "matrix": [0, -2.12598, 2.12598, 0, 2.21103, 3.02362],
                        "data": {"aecad": {"part": "ttip"}},
                        "content": "1",
                        "fillColor": [1, 1, 1],
                        "fontSize": 0.8,
                        "leading": 0.96,
                        "justification": "center"
                      }
                    ]
                  ]
                }
              ],
              [
                "Group",
                {
                  "applyMatrix": true,
                  "data": {
                    "aecad": {
                      "type": "Pad",
                      "width": 0.9,
                      "height": 1.6,
                      "pin": 2,
                      "label": 1,
                      "netid": "1",
                      "userDefined": "hello",
                      "rotation": 90
                    }
                  },
                  "children": [
                    [
                      "Shape",
                      {
                        "applyMatrix": false,
                        "matrix": [1, 0, 0, 1, 12.66142, 3.02362],
                        "data": {"aecad": {"part": "cu"}},
                        "type": "rectangle",
                        "size": [3.40157, 6.04724],
                        "radius": [0, 0],
                        "fillColor": [1, 0, 0],
                        "strokeWidth": 0
                      }
                    ],
                    [
                      "PointText",
                      {
                        "applyMatrix": false,
                        "matrix": [0, -2.12598, 2.12598, 0, 13.17166, 3.02362],
                        "data": {"aecad": {"part": "ttip"}},
                        "content": "1",
                        "fillColor": [1, 1, 1],
                        "fontSize": 0.8,
                        "leading": 0.96,
                        "justification": "center"
                      }
                    ]
                  ]
                }
              ],
              [
                "Shape",
                {
                  "applyMatrix": false,
                  "matrix": [1, 0, 0, 1, 7.1811, 3.02362],
                  "data": {"aecad": {"part": "border1"}},
                  "type": "rectangle",
                  "size": [15.87402, 7.55906],
                  "radius": [0.3, 0.3],
                  "strokeColor": [1, 0.07843, 0.57647],
                  "strokeWidth": 0.2
                }
              ]
            ]
          }
        ]
      ]
    }
  ],
  [
    "Layer",
    {
      "name": "scripting",
      "applyMatrix": true,
      "selected": true,
      "children": [
        [
          "Group",
          {
            "applyMatrix": false,
            "matrix": [1, 0, 0, 1, -80.61417, 0],
            "data": {
              "aecad": {
                "type": "TestBoundary",
                "name": "c3",
                "value": "8mm",
                "labels": null,
                "rev": 1,
                "_labels": {"1": "1", "2": "1"},
                "_iface": {"1": 1, "2": 1},
                "orig_labels": null
              }
            },
            "children": [
              [
                "Group",
                {
                  "applyMatrix": true,
                  "data": {
                    "aecad": {
                      "type": "Pad",
                      "width": 4,
                      "height": 8,
                      "pin": 1,
                      "label": 1,
                      "netid": "1"
                    }
                  },
                  "children": [
                    [
                      "Shape",
                      {
                        "applyMatrix": false,
                        "matrix": [1, 0, 0, 1, 7.55906, 15.11811],
                        "data": {"aecad": {"part": "cu"}},
                        "type": "rectangle",
                        "size": [15.11811, 30.23622],
                        "radius": [0, 0],
                        "fillColor": [0.78039, 0.08235, 0.52157],
                        "strokeWidth": 0
                      }
                    ],
                    [
                      "PointText",
                      {
                        "applyMatrix": false,
                        "matrix": [18.89764, 0, 0, 18.89764, 7.55906, 19.65354],
                        "data": {"aecad": {"part": "ttip"}},
                        "content": "1",
                        "fillColor": [1, 1, 1],
                        "fontSize": 0.8,
                        "leading": 0.96,
                        "justification": "center"
                      }
                    ]
                  ]
                }
              ],
              [
                "Group",
                {
                  "applyMatrix": true,
                  "data": {
                    "aecad": {
                      "type": "Pad",
                      "width": 4,
                      "height": 8,
                      "pin": 2,
                      "label": 1,
                      "netid": "1",
                      "userDefined": ""
                    }
                  },
                  "children": [
                    [
                      "Shape",
                      {
                        "applyMatrix": false,
                        "matrix": [1, 0, 0, 1, 23.05512, 15.11811],
                        "data": {"aecad": {"part": "cu"}},
                        "type": "rectangle",
                        "size": [15.11811, 30.23622],
                        "radius": [0, 0],
                        "fillColor": [0.78039, 0.08235, 0.52157],
                        "strokeWidth": 0
                      }
                    ],
                    [
                      "PointText",
                      {
                        "applyMatrix": false,
                        "matrix": [
                          18.89764,
                          0,
                          0,
                          18.89764,
                          23.05512,
                          19.65354
                        ],
                        "data": {"aecad": {"part": "ttip"}},
                        "content": "1",
                        "fillColor": [1, 1, 1],
                        "fontSize": 0.8,
                        "leading": 0.96,
                        "justification": "center"
                      }
                    ]
                  ]
                }
              ]
            ]
          }
        ]
      ]
    }
  ]
]