[
  [
    "aeCAD",
    {
      "name": "aeCAD by Aktos Electronics",
      "website": "https://aktos.io/aecad",
      "dependencies": {"aecad": "8948754"}
    }
  ],
  [
    "Layer",
    {
      "name": "gui",
      "applyMatrix": true,
      "children": [
        [
          "Group",
          {
            "applyMatrix": false,
            "matrix": [1, 0, 0, 1, -76.26772, 0],
            "data": {
              "aecad": {
                "type": "AM26LS32Ax",
                "name": "c1.c1",
                "value": "soic",
                "rev": 3,
                "_labels": {
                  "1": "1b",
                  "2": "1a",
                  "3": "1y",
                  "4": "g",
                  "5": "2y",
                  "6": "2a",
                  "7": "2b",
                  "8": "gnd",
                  "9": "3b",
                  "10": "3a",
                  "11": "3y",
                  "12": "n_g",
                  "13": "4y",
                  "14": "4a",
                  "15": "4b",
                  "16": "vcc"
                },
                "_iface": {
                  "1": "1b",
                  "2": "1a",
                  "3": "1y",
                  "4": "g",
                  "5": "2y",
                  "6": "2a",
                  "7": "2b",
                  "8": "gnd",
                  "9": "3b",
                  "10": "3a",
                  "11": "3y",
                  "12": "n_g",
                  "13": "4y",
                  "14": "4a",
                  "15": "4b",
                  "16": "vcc"
                },
                "side": "F.Cu"
              }
            },
            "children": [
              [
                "Group",
                {
                  "applyMatrix": false,
                  "data": {
                    "aecad": {
                      "type": "SOIC16",
                      "labels": {
                        "1": "1b",
                        "2": "1a",
                        "3": "1y",
                        "4": "g",
                        "5": "2y",
                        "6": "2a",
                        "7": "2b",
                        "8": "gnd",
                        "9": "3b",
                        "10": "3a",
                        "11": "3y",
                        "12": "n_g",
                        "13": "4y",
                        "14": "4a",
                        "15": "4b",
                        "16": "vcc"
                      },
                      "rev": 4,
                      "_iface": {
                        "1": "1b",
                        "2": "1a",
                        "3": "1y",
                        "4": "g",
                        "5": "2y",
                        "6": "2a",
                        "7": "2b",
                        "8": "gnd",
                        "9": "3b",
                        "10": "3a",
                        "11": "3y",
                        "12": "n_g",
                        "13": "4y",
                        "14": "4a",
                        "15": "4b",
                        "16": "vcc"
                      }
                    }
                  },
                  "children": [
                    [
                      "Group",
                      {
                        "applyMatrix": false,
                        "data": {
                          "aecad": {
                            "type": "DoublePinArray",
                            "distance": 5.4,
                            "left": {
                              "dir": "-x",
                              "pad": {"height": 0.6, "width": 1.55},
                              "rows": {"count": 8, "interval": 1.27}
                            },
                            "right": {
                              "start": 9,
                              "pad": {"height": 0.6, "width": 1.55},
                              "dir": "-y",
                              "rows": {"count": 8, "interval": 1.27}
                            },
                            "labels": {
                              "1": "1b",
                              "2": "1a",
                              "3": "1y",
                              "4": "g",
                              "5": "2y",
                              "6": "2a",
                              "7": "2b",
                              "8": "gnd",
                              "9": "3b",
                              "10": "3a",
                              "11": "3y",
                              "12": "n_g",
                              "13": "4y",
                              "14": "4a",
                              "15": "4b",
                              "16": "vcc"
                            },
                            "_iface": {
                              "1": "1b",
                              "2": "1a",
                              "3": "1y",
                              "4": "g",
                              "5": "2y",
                              "6": "2a",
                              "7": "2b",
                              "8": "gnd",
                              "9": "3b",
                              "10": "3a",
                              "11": "3y",
                              "12": "n_g",
                              "13": "4y",
                              "14": "4a",
                              "15": "4b",
                              "16": "vcc"
                            }
                          }
                        },
                        "children": [
                          [
                            "Group",
                            {
                              "applyMatrix": false,
                              "data": {
                                "aecad": {
                                  "type": "PinArray",
                                  "dir": "-x",
                                  "pad": {"height": 0.6, "width": 1.55},
                                  "rows": {"count": 8, "interval": 1.27},
                                  "labels": {
                                    "1": "1b",
                                    "2": "1a",
                                    "3": "1y",
                                    "4": "g",
                                    "5": "2y",
                                    "6": "2a",
                                    "7": "2b",
                                    "8": "gnd",
                                    "9": "3b",
                                    "10": "3a",
                                    "11": "3y",
                                    "12": "n_g",
                                    "13": "4y",
                                    "14": "4a",
                                    "15": "4b",
                                    "16": "vcc"
                                  },
                                  "_iface": {
                                    "1": "1b",
                                    "2": "1a",
                                    "3": "1y",
                                    "4": "g",
                                    "5": "2y",
                                    "6": "2a",
                                    "7": "2b",
                                    "8": "gnd"
                                  }
                                }
                              },
                              "children": [
                                [
                                  "Group",
                                  {
                                    "applyMatrix": true,
                                    "data": {
                                      "aecad": {
                                        "type": "Pad",
                                        "height": 0.6,
                                        "width": 1.55,
                                        "pin": 1,
                                        "label": "1b",
                                        "netid": "11",
                                        "mirrored": false
                                      }
                                    },
                                    "children": [
                                      [
                                        "Shape",
                                        {
                                          "applyMatrix": false,
                                          "matrix": [
                                            1,
                                            0,
                                            0,
                                            1,
                                            2.92913,
                                            1.13386
                                          ],
                                          "data": {"aecad": {"part": "cu"}},
                                          "type": "rectangle",
                                          "size": [5.85827, 2.26772],
                                          "radius": [0, 0],
                                          "fillColor": [1, 0, 0],
                                          "strokeWidth": 0
                                        }
                                      ],
                                      [
                                        "PointText",
                                        {
                                          "applyMatrix": false,
                                          "matrix": [
                                            1.41733,
                                            0,
                                            0,
                                            1.41733,
                                            2.92913,
                                            1.47402
                                          ],
                                          "data": {"aecad": {"part": "ttip"}},
                                          "content": "1b",
                                          "fillColor": [1, 1, 1],
                                          "fontSize": 0.8,
                                          "leading": 0.96,
                                          "justification": "center"
                                        }
                                      ]
                                    ]
                                  }
                                ],
                                [
                                  "Group",
                                  {
                                    "applyMatrix": true,
                                    "data": {
                                      "aecad": {
                                        "type": "Pad",
                                        "height": 0.6,
                                        "width": 1.55,
                                        "pin": 2,
                                        "label": "1a",
                                        "netid": "12",
                                        "mirrored": false
                                      }
                                    },
                                    "children": [
                                      [
                                        "Shape",
                                        {
                                          "applyMatrix": false,
                                          "matrix": [
                                            1,
                                            0,
                                            0,
                                            1,
                                            2.92913,
                                            5.93386
                                          ],
                                          "data": {"aecad": {"part": "cu"}},
                                          "type": "rectangle",
                                          "size": [5.85827, 2.26772],
                                          "radius": [0, 0],
                                          "fillColor": [1, 0, 0],
                                          "strokeWidth": 0
                                        }
                                      ],
                                      [
                                        "PointText",
                                        {
                                          "applyMatrix": false,
                                          "matrix": [
                                            1.41733,
                                            0,
                                            0,
                                            1.41733,
                                            2.92913,
                                            6.27402
                                          ],
                                          "data": {"aecad": {"part": "ttip"}},
                                          "content": "1a",
                                          "fillColor": [1, 1, 1],
                                          "fontSize": 0.8,
                                          "leading": 0.96,
                                          "justification": "center"
                                        }
                                      ]
                                    ]
                                  }
                                ],
                                [
                                  "Group",
                                  {
                                    "applyMatrix": true,
                                    "data": {
                                      "aecad": {
                                        "type": "Pad",
                                        "height": 0.6,
                                        "width": 1.55,
                                        "pin": 3,
                                        "label": "1y",
                                        "netid": "4",
                                        "mirrored": false
                                      }
                                    },
                                    "children": [
                                      [
                                        "Shape",
                                        {
                                          "applyMatrix": false,
                                          "matrix": [
                                            1,
                                            0,
                                            0,
                                            1,
                                            2.92913,
                                            10.73386
                                          ],
                                          "data": {"aecad": {"part": "cu"}},
                                          "type": "rectangle",
                                          "size": [5.85827, 2.26772],
                                          "radius": [0, 0],
                                          "fillColor": [1, 0, 0],
                                          "strokeWidth": 0
                                        }
                                      ],
                                      [
                                        "PointText",
                                        {
                                          "applyMatrix": false,
                                          "matrix": [
                                            1.41732,
                                            0,
                                            0,
                                            1.41732,
                                            2.92913,
                                            11.07402
                                          ],
                                          "data": {"aecad": {"part": "ttip"}},
                                          "content": "1y",
                                          "fillColor": [1, 1, 1],
                                          "fontSize": 0.8,
                                          "leading": 0.96,
                                          "justification": "center"
                                        }
                                      ]
                                    ]
                                  }
                                ],
                                [
                                  "Group",
                                  {
                                    "applyMatrix": true,
                                    "data": {
                                      "aecad": {
                                        "type": "Pad",
                                        "height": 0.6,
                                        "width": 1.55,
                                        "pin": 4,
                                        "label": "g",
                                        "netid": "13",
                                        "mirrored": false
                                      }
                                    },
                                    "children": [
                                      [
                                        "Shape",
                                        {
                                          "applyMatrix": false,
                                          "matrix": [
                                            1,
                                            0,
                                            0,
                                            1,
                                            2.92913,
                                            15.53386
                                          ],
                                          "data": {"aecad": {"part": "cu"}},
                                          "type": "rectangle",
                                          "size": [5.85827, 2.26772],
                                          "radius": [0, 0],
                                          "fillColor": [1, 0, 0],
                                          "strokeWidth": 0
                                        }
                                      ],
                                      [
                                        "PointText",
                                        {
                                          "applyMatrix": false,
                                          "matrix": [
                                            1.41732,
                                            0,
                                            0,
                                            1.41732,
                                            2.92913,
                                            15.87402
                                          ],
                                          "data": {"aecad": {"part": "ttip"}},
                                          "content": "g",
                                          "fillColor": [1, 1, 1],
                                          "fontSize": 0.8,
                                          "leading": 0.96,
                                          "justification": "center"
                                        }
                                      ]
                                    ]
                                  }
                                ],
                                [
                                  "Group",
                                  {
                                    "applyMatrix": true,
                                    "data": {
                                      "aecad": {
                                        "type": "Pad",
                                        "height": 0.6,
                                        "width": 1.55,
                                        "pin": 5,
                                        "label": "2y",
                                        "netid": "3",
                                        "mirrored": false
                                      }
                                    },
                                    "children": [
                                      [
                                        "Shape",
                                        {
                                          "applyMatrix": false,
                                          "matrix": [
                                            1,
                                            0,
                                            0,
                                            1,
                                            2.92913,
                                            20.33386
                                          ],
                                          "data": {"aecad": {"part": "cu"}},
                                          "type": "rectangle",
                                          "size": [5.85827, 2.26772],
                                          "radius": [0, 0],
                                          "fillColor": [1, 0, 0],
                                          "strokeWidth": 0
                                        }
                                      ],
                                      [
                                        "PointText",
                                        {
                                          "applyMatrix": false,
                                          "matrix": [
                                            1.41732,
                                            0,
                                            0,
                                            1.41732,
                                            2.92913,
                                            20.67402
                                          ],
                                          "data": {"aecad": {"part": "ttip"}},
                                          "content": "2y",
                                          "fillColor": [1, 1, 1],
                                          "fontSize": 0.8,
                                          "leading": 0.96,
                                          "justification": "center"
                                        }
                                      ]
                                    ]
                                  }
                                ],
                                [
                                  "Group",
                                  {
                                    "applyMatrix": true,
                                    "data": {
                                      "aecad": {
                                        "type": "Pad",
                                        "height": 0.6,
                                        "width": 1.55,
                                        "pin": 6,
                                        "label": "2a",
                                        "netid": "10",
                                        "mirrored": false
                                      }
                                    },
                                    "children": [
                                      [
                                        "Shape",
                                        {
                                          "applyMatrix": false,
                                          "matrix": [
                                            1,
                                            0,
                                            0,
                                            1,
                                            2.92913,
                                            25.13386
                                          ],
                                          "data": {"aecad": {"part": "cu"}},
                                          "type": "rectangle",
                                          "size": [5.85827, 2.26772],
                                          "radius": [0, 0],
                                          "fillColor": [1, 0, 0],
                                          "strokeWidth": 0
                                        }
                                      ],
                                      [
                                        "PointText",
                                        {
                                          "applyMatrix": false,
                                          "matrix": [
                                            1.41732,
                                            0,
                                            0,
                                            1.41732,
                                            2.92913,
                                            25.47402
                                          ],
                                          "data": {"aecad": {"part": "ttip"}},
                                          "content": "2a",
                                          "fillColor": [1, 1, 1],
                                          "fontSize": 0.8,
                                          "leading": 0.96,
                                          "justification": "center"
                                        }
                                      ]
                                    ]
                                  }
                                ],
                                [
                                  "Group",
                                  {
                                    "applyMatrix": true,
                                    "data": {
                                      "aecad": {
                                        "type": "Pad",
                                        "height": 0.6,
                                        "width": 1.55,
                                        "pin": 7,
                                        "label": "2b",
                                        "netid": "9",
                                        "mirrored": false
                                      }
                                    },
                                    "children": [
                                      [
                                        "Shape",
                                        {
                                          "applyMatrix": false,
                                          "matrix": [
                                            1,
                                            0,
                                            0,
                                            1,
                                            2.92913,
                                            29.93386
                                          ],
                                          "data": {"aecad": {"part": "cu"}},
                                          "type": "rectangle",
                                          "size": [5.85827, 2.26772],
                                          "radius": [0, 0],
                                          "fillColor": [1, 0, 0],
                                          "strokeWidth": 0
                                        }
                                      ],
                                      [
                                        "PointText",
                                        {
                                          "applyMatrix": false,
                                          "matrix": [
                                            1.41732,
                                            0,
                                            0,
                                            1.41732,
                                            2.92913,
                                            30.27402
                                          ],
                                          "data": {"aecad": {"part": "ttip"}},
                                          "content": "2b",
                                          "fillColor": [1, 1, 1],
                                          "fontSize": 0.8,
                                          "leading": 0.96,
                                          "justification": "center"
                                        }
                                      ]
                                    ]
                                  }
                                ],
                                [
                                  "Group",
                                  {
                                    "applyMatrix": true,
                                    "data": {
                                      "aecad": {
                                        "type": "Pad",
                                        "height": 0.6,
                                        "width": 1.55,
                                        "pin": 8,
                                        "label": "gnd",
                                        "netid": "13",
                                        "mirrored": false
                                      }
                                    },
                                    "children": [
                                      [
                                        "Shape",
                                        {
                                          "applyMatrix": false,
                                          "matrix": [
                                            1,
                                            0,
                                            0,
                                            1,
                                            2.92913,
                                            34.73386
                                          ],
                                          "data": {"aecad": {"part": "cu"}},
                                          "type": "rectangle",
                                          "size": [5.85827, 2.26772],
                                          "radius": [0, 0],
                                          "fillColor": [1, 0, 0],
                                          "strokeWidth": 0
                                        }
                                      ],
                                      [
                                        "PointText",
                                        {
                                          "applyMatrix": false,
                                          "matrix": [
                                            1.41732,
                                            0,
                                            0,
                                            1.41732,
                                            2.92913,
                                            35.07402
                                          ],
                                          "data": {"aecad": {"part": "ttip"}},
                                          "content": "gnd",
                                          "fillColor": [1, 1, 1],
                                          "fontSize": 0.8,
                                          "leading": 0.96,
                                          "justification": "center"
                                        }
                                      ]
                                    ]
                                  }
                                ]
                              ]
                            }
                          ],
                          [
                            "Group",
                            {
                              "applyMatrix": false,
                              "matrix": [1, 0, 0, 1, 20.40945, 0],
                              "data": {
                                "aecad": {
                                  "type": "PinArray",
                                  "start": 9,
                                  "pad": {"height": 0.6, "width": 1.55},
                                  "dir": "-y",
                                  "rows": {"count": 8, "interval": 1.27},
                                  "labels": {
                                    "1": "1b",
                                    "2": "1a",
                                    "3": "1y",
                                    "4": "g",
                                    "5": "2y",
                                    "6": "2a",
                                    "7": "2b",
                                    "8": "gnd",
                                    "9": "3b",
                                    "10": "3a",
                                    "11": "3y",
                                    "12": "n_g",
                                    "13": "4y",
                                    "14": "4a",
                                    "15": "4b",
                                    "16": "vcc"
                                  },
                                  "_iface": {
                                    "9": "3b",
                                    "10": "3a",
                                    "11": "3y",
                                    "12": "n_g",
                                    "13": "4y",
                                    "14": "4a",
                                    "15": "4b",
                                    "16": "vcc"
                                  }
                                }
                              },
                              "children": [
                                [
                                  "Group",
                                  {
                                    "applyMatrix": true,
                                    "data": {
                                      "aecad": {
                                        "type": "Pad",
                                        "height": 0.6,
                                        "width": 1.55,
                                        "pin": 16,
                                        "label": "vcc",
                                        "netid": "14",
                                        "mirrored": false
                                      }
                                    },
                                    "children": [
                                      [
                                        "Shape",
                                        {
                                          "applyMatrix": false,
                                          "matrix": [
                                            1,
                                            0,
                                            0,
                                            1,
                                            2.92913,
                                            1.13386
                                          ],
                                          "data": {"aecad": {"part": "cu"}},
                                          "type": "rectangle",
                                          "size": [5.85827, 2.26772],
                                          "radius": [0, 0],
                                          "fillColor": [1, 0, 0],
                                          "strokeWidth": 0
                                        }
                                      ],
                                      [
                                        "PointText",
                                        {
                                          "applyMatrix": false,
                                          "matrix": [
                                            1.41733,
                                            0,
                                            0,
                                            1.41733,
                                            2.92913,
                                            1.47402
                                          ],
                                          "data": {"aecad": {"part": "ttip"}},
                                          "content": "vcc",
                                          "fillColor": [1, 1, 1],
                                          "fontSize": 0.8,
                                          "leading": 0.96,
                                          "justification": "center"
                                        }
                                      ]
                                    ]
                                  }
                                ],
                                [
                                  "Group",
                                  {
                                    "applyMatrix": true,
                                    "data": {
                                      "aecad": {
                                        "type": "Pad",
                                        "height": 0.6,
                                        "width": 1.55,
                                        "pin": 15,
                                        "label": "4b",
                                        "netid": "5",
                                        "mirrored": false
                                      }
                                    },
                                    "children": [
                                      [
                                        "Shape",
                                        {
                                          "applyMatrix": false,
                                          "matrix": [
                                            1,
                                            0,
                                            0,
                                            1,
                                            2.92913,
                                            5.93386
                                          ],
                                          "data": {"aecad": {"part": "cu"}},
                                          "type": "rectangle",
                                          "size": [5.85827, 2.26772],
                                          "radius": [0, 0],
                                          "fillColor": [1, 0, 0],
                                          "strokeWidth": 0
                                        }
                                      ],
                                      [
                                        "PointText",
                                        {
                                          "applyMatrix": false,
                                          "matrix": [
                                            1.41733,
                                            0,
                                            0,
                                            1.41733,
                                            2.92913,
                                            6.27402
                                          ],
                                          "data": {"aecad": {"part": "ttip"}},
                                          "content": "4b",
                                          "fillColor": [1, 1, 1],
                                          "fontSize": 0.8,
                                          "leading": 0.96,
                                          "justification": "center"
                                        }
                                      ]
                                    ]
                                  }
                                ],
                                [
                                  "Group",
                                  {
                                    "applyMatrix": true,
                                    "data": {
                                      "aecad": {
                                        "type": "Pad",
                                        "height": 0.6,
                                        "width": 1.55,
                                        "pin": 14,
                                        "label": "4a",
                                        "netid": "6",
                                        "userDefined": "",
                                        "mirrored": false
                                      }
                                    },
                                    "children": [
                                      [
                                        "Shape",
                                        {
                                          "applyMatrix": false,
                                          "matrix": [
                                            1,
                                            0,
                                            0,
                                            1,
                                            2.92913,
                                            10.73386
                                          ],
                                          "data": {"aecad": {"part": "cu"}},
                                          "type": "rectangle",
                                          "size": [5.85827, 2.26772],
                                          "radius": [0, 0],
                                          "fillColor": [1, 0, 0],
                                          "strokeWidth": 0
                                        }
                                      ],
                                      [
                                        "PointText",
                                        {
                                          "applyMatrix": false,
                                          "matrix": [
                                            1.41732,
                                            0,
                                            0,
                                            1.41732,
                                            2.92913,
                                            11.07402
                                          ],
                                          "data": {"aecad": {"part": "ttip"}},
                                          "content": "4a",
                                          "fillColor": [1, 1, 1],
                                          "fontSize": 0.8,
                                          "leading": 0.96,
                                          "justification": "center"
                                        }
                                      ]
                                    ]
                                  }
                                ],
                                [
                                  "Group",
                                  {
                                    "applyMatrix": true,
                                    "data": {
                                      "aecad": {
                                        "type": "Pad",
                                        "height": 0.6,
                                        "width": 1.55,
                                        "pin": 13,
                                        "label": "4y",
                                        "netid": "1",
                                        "mirrored": false
                                      }
                                    },
                                    "children": [
                                      [
                                        "Shape",
                                        {
                                          "applyMatrix": false,
                                          "matrix": [
                                            1,
                                            0,
                                            0,
                                            1,
                                            2.92913,
                                            15.53386
                                          ],
                                          "data": {"aecad": {"part": "cu"}},
                                          "type": "rectangle",
                                          "size": [5.85827, 2.26772],
                                          "radius": [0, 0],
                                          "fillColor": [1, 0, 0],
                                          "strokeWidth": 0
                                        }
                                      ],
                                      [
                                        "PointText",
                                        {
                                          "applyMatrix": false,
                                          "matrix": [
                                            1.41732,
                                            0,
                                            0,
                                            1.41732,
                                            2.92913,
                                            15.87402
                                          ],
                                          "data": {"aecad": {"part": "ttip"}},
                                          "content": "4y",
                                          "fillColor": [1, 1, 1],
                                          "fontSize": 0.8,
                                          "leading": 0.96,
                                          "justification": "center"
                                        }
                                      ]
                                    ]
                                  }
                                ],
                                [
                                  "Group",
                                  {
                                    "applyMatrix": true,
                                    "data": {
                                      "aecad": {
                                        "type": "Pad",
                                        "height": 0.6,
                                        "width": 1.55,
                                        "pin": 12,
                                        "label": "n_g",
                                        "netid": "13",
                                        "mirrored": false
                                      }
                                    },
                                    "children": [
                                      [
                                        "Shape",
                                        {
                                          "applyMatrix": false,
                                          "matrix": [
                                            1,
                                            0,
                                            0,
                                            1,
                                            2.92913,
                                            20.33386
                                          ],
                                          "data": {"aecad": {"part": "cu"}},
                                          "type": "rectangle",
                                          "size": [5.85827, 2.26772],
                                          "radius": [0, 0],
                                          "fillColor": [1, 0, 0],
                                          "strokeWidth": 0
                                        }
                                      ],
                                      [
                                        "PointText",
                                        {
                                          "applyMatrix": false,
                                          "matrix": [
                                            1.41732,
                                            0,
                                            0,
                                            1.41732,
                                            2.92913,
                                            20.67402
                                          ],
                                          "data": {"aecad": {"part": "ttip"}},
                                          "content": "n_g",
                                          "fillColor": [1, 1, 1],
                                          "fontSize": 0.8,
                                          "leading": 0.96,
                                          "justification": "center"
                                        }
                                      ]
                                    ]
                                  }
                                ],
                                [
                                  "Group",
                                  {
                                    "applyMatrix": true,
                                    "data": {
                                      "aecad": {
                                        "type": "Pad",
                                        "height": 0.6,
                                        "width": 1.55,
                                        "pin": 11,
                                        "label": "3y",
                                        "netid": "2",
                                        "mirrored": false
                                      }
                                    },
                                    "children": [
                                      [
                                        "Shape",
                                        {
                                          "applyMatrix": false,
                                          "matrix": [
                                            1,
                                            0,
                                            0,
                                            1,
                                            2.92913,
                                            25.13386
                                          ],
                                          "data": {"aecad": {"part": "cu"}},
                                          "type": "rectangle",
                                          "size": [5.85827, 2.26772],
                                          "radius": [0, 0],
                                          "fillColor": [1, 0, 0],
                                          "strokeWidth": 0
                                        }
                                      ],
                                      [
                                        "PointText",
                                        {
                                          "applyMatrix": false,
                                          "matrix": [
                                            1.41732,
                                            0,
                                            0,
                                            1.41732,
                                            2.92913,
                                            25.47402
                                          ],
                                          "data": {"aecad": {"part": "ttip"}},
                                          "content": "3y",
                                          "fillColor": [1, 1, 1],
                                          "fontSize": 0.8,
                                          "leading": 0.96,
                                          "justification": "center"
                                        }
                                      ]
                                    ]
                                  }
                                ],
                                [
                                  "Group",
                                  {
                                    "applyMatrix": true,
                                    "data": {
                                      "aecad": {
                                        "type": "Pad",
                                        "height": 0.6,
                                        "width": 1.55,
                                        "pin": 10,
                                        "label": "3a",
                                        "netid": "8",
                                        "mirrored": false
                                      }
                                    },
                                    "children": [
                                      [
                                        "Shape",
                                        {
                                          "applyMatrix": false,
                                          "matrix": [
                                            1,
                                            0,
                                            0,
                                            1,
                                            2.92913,
                                            29.93386
                                          ],
                                          "data": {"aecad": {"part": "cu"}},
                                          "type": "rectangle",
                                          "size": [5.85827, 2.26772],
                                          "radius": [0, 0],
                                          "fillColor": [1, 0, 0],
                                          "strokeWidth": 0
                                        }
                                      ],
                                      [
                                        "PointText",
                                        {
                                          "applyMatrix": false,
                                          "matrix": [
                                            1.41732,
                                            0,
                                            0,
                                            1.41732,
                                            2.92913,
                                            30.27402
                                          ],
                                          "data": {"aecad": {"part": "ttip"}},
                                          "content": "3a",
                                          "fillColor": [1, 1, 1],
                                          "fontSize": 0.8,
                                          "leading": 0.96,
                                          "justification": "center"
                                        }
                                      ]
                                    ]
                                  }
                                ],
                                [
                                  "Group",
                                  {
                                    "applyMatrix": true,
                                    "data": {
                                      "aecad": {
                                        "type": "Pad",
                                        "height": 0.6,
                                        "width": 1.55,
                                        "pin": 9,
                                        "label": "3b",
                                        "netid": "7",
                                        "mirrored": false
                                      }
                                    },
                                    "children": [
                                      [
                                        "Shape",
                                        {
                                          "applyMatrix": false,
                                          "matrix": [
                                            1,
                                            0,
                                            0,
                                            1,
                                            2.92913,
                                            34.73386
                                          ],
                                          "data": {"aecad": {"part": "cu"}},
                                          "type": "rectangle",
                                          "size": [5.85827, 2.26772],
                                          "radius": [0, 0],
                                          "fillColor": [1, 0, 0],
                                          "strokeWidth": 0
                                        }
                                      ],
                                      [
                                        "PointText",
                                        {
                                          "applyMatrix": false,
                                          "matrix": [
                                            1.41732,
                                            0,
                                            0,
                                            1.41732,
                                            2.92913,
                                            35.07402
                                          ],
                                          "data": {"aecad": {"part": "ttip"}},
                                          "content": "3b",
                                          "fillColor": [1, 1, 1],
                                          "fontSize": 0.8,
                                          "leading": 0.96,
                                          "justification": "center"
                                        }
                                      ]
                                    ]
                                  }
                                ]
                              ]
                            }
                          ]
                        ]
                      }
                    ]
                  ]
                }
              ],
              [
                "Shape",
                {
                  "applyMatrix": false,
                  "matrix": [1, 0, 0, 1, 13.13386, 17.93386],
                  "data": {"aecad": {"part": "border1"}},
                  "type": "rectangle",
                  "size": [12.28346, 38.4],
                  "radius": [0.3, 0.3],
                  "strokeColor": [1, 0.07843, 0.57647],
                  "strokeWidth": 0.2
                }
              ],
              [
                "Shape",
                {
                  "applyMatrix": false,
                  "matrix": [1, 0, 0, 1, 8.7874, 1.13386],
                  "data": {"aecad": {"part": "border1"}},
                  "type": "circle",
                  "size": [1.88976, 1.88976],
                  "radius": 0.94488,
                  "strokeColor": [1, 0.07843, 0.57647],
                  "strokeWidth": 0.2
                }
              ]
            ]
          }
        ]
      ]
    }
  ],
  [
    "Layer",
    {
      "name": "scripting",
      "applyMatrix": true,
      "children": [
        [
          "Group",
          {
            "applyMatrix": false,
            "matrix": [1, 0, 0, 1, -273.88976, 0],
            "data": {
              "aecad": {
                "type": "R1206",
                "name": "c1.r4",
                "value": "120ohm",
                "rev": 2,
                "_labels": {"1": "1", "2": "2"},
                "_iface": {"1": 1, "2": 2}
              }
            },
            "children": [
              [
                "Group",
                {
                  "applyMatrix": true,
                  "data": {
                    "aecad": {
                      "type": "Pad",
                      "width": 0.9,
                      "height": 1.6,
                      "pin": 1,
                      "label": 1,
                      "netid": "6"
                    }
                  },
                  "children": [
                    [
                      "Shape",
                      {
                        "applyMatrix": false,
                        "matrix": [1, 0, 0, 1, 1.70079, 3.02362],
                        "data": {"aecad": {"part": "cu"}},
                        "type": "rectangle",
                        "size": [3.40157, 6.04724],
                        "radius": [0, 0],
                        "fillColor": [0.78039, 0.08235, 0.52157],
                        "strokeWidth": 0
                      }
                    ],
                    [
                      "PointText",
                      {
                        "applyMatrix": false,
                        "matrix": [3.77953, 0, 0, 3.77953, 1.70079, 3.93071],
                        "data": {"aecad": {"part": "ttip"}},
                        "content": "1",
                        "fillColor": [1, 1, 1],
                        "fontSize": 0.8,
                        "leading": 0.96,
                        "justification": "center"
                      }
                    ]
                  ]
                }
              ],
              [
                "Group",
                {
                  "applyMatrix": true,
                  "data": {
                    "aecad": {
                      "type": "Pad",
                      "width": 0.9,
                      "height": 1.6,
                      "pin": 2,
                      "label": 2,
                      "netid": "5"
                    }
                  },
                  "children": [
                    [
                      "Shape",
                      {
                        "applyMatrix": false,
                        "matrix": [1, 0, 0, 1, 12.66142, 3.02362],
                        "data": {"aecad": {"part": "cu"}},
                        "type": "rectangle",
                        "size": [3.40157, 6.04724],
                        "radius": [0, 0],
                        "fillColor": [0.78039, 0.08235, 0.52157],
                        "strokeWidth": 0
                      }
                    ],
                    [
                      "PointText",
                      {
                        "applyMatrix": false,
                        "matrix": [3.77953, 0, 0, 3.77953, 12.66142, 3.93071],
                        "data": {"aecad": {"part": "ttip"}},
                        "content": "2",
                        "fillColor": [1, 1, 1],
                        "fontSize": 0.8,
                        "leading": 0.96,
                        "justification": "center"
                      }
                    ]
                  ]
                }
              ],
              [
                "Shape",
                {
                  "applyMatrix": false,
                  "matrix": [1, 0, 0, 1, 7.1811, 3.02362],
                  "data": {"aecad": {"part": "border1"}},
                  "type": "rectangle",
                  "size": [15.87402, 7.55906],
                  "radius": [0.3, 0.3],
                  "strokeColor": [1, 0.07843, 0.57647],
                  "strokeWidth": 0.2
                }
              ]
            ]
          }
        ],
        [
          "Group",
          {
            "applyMatrix": false,
            "matrix": [1, 0, 0, 1, -208.01575, 17.55906],
            "data": {
              "aecad": {
                "type": "R1206",
                "name": "c1.r3",
                "value": "120ohm",
                "rev": 2,
                "_labels": {"1": "1", "2": "2"},
                "_iface": {"1": 1, "2": 2}
              }
            },
            "children": [
              [
                "Group",
                {
                  "applyMatrix": true,
                  "data": {
                    "aecad": {
                      "type": "Pad",
                      "width": 0.9,
                      "height": 1.6,
                      "pin": 1,
                      "label": 1,
                      "netid": "8"
                    }
                  },
                  "children": [
                    [
                      "Shape",
                      {
                        "applyMatrix": false,
                        "matrix": [1, 0, 0, 1, 1.70079, 3.02362],
                        "data": {"aecad": {"part": "cu"}},
                        "type": "rectangle",
                        "size": [3.40157, 6.04724],
                        "radius": [0, 0],
                        "fillColor": [0.78039, 0.08235, 0.52157],
                        "strokeWidth": 0
                      }
                    ],
                    [
                      "PointText",
                      {
                        "applyMatrix": false,
                        "matrix": [3.77953, 0, 0, 3.77953, 1.70079, 3.93071],
                        "data": {"aecad": {"part": "ttip"}},
                        "content": "1",
                        "fillColor": [1, 1, 1],
                        "fontSize": 0.8,
                        "leading": 0.96,
                        "justification": "center"
                      }
                    ]
                  ]
                }
              ],
              [
                "Group",
                {
                  "applyMatrix": true,
                  "data": {
                    "aecad": {
                      "type": "Pad",
                      "width": 0.9,
                      "height": 1.6,
                      "pin": 2,
                      "label": 2,
                      "netid": "7"
                    }
                  },
                  "children": [
                    [
                      "Shape",
                      {
                        "applyMatrix": false,
                        "matrix": [1, 0, 0, 1, 12.66142, 3.02362],
                        "data": {"aecad": {"part": "cu"}},
                        "type": "rectangle",
                        "size": [3.40157, 6.04724],
                        "radius": [0, 0],
                        "fillColor": [0.78039, 0.08235, 0.52157],
                        "strokeWidth": 0
                      }
                    ],
                    [
                      "PointText",
                      {
                        "applyMatrix": false,
                        "matrix": [3.77953, 0, 0, 3.77953, 12.66142, 3.93071],
                        "data": {"aecad": {"part": "ttip"}},
                        "content": "2",
                        "fillColor": [1, 1, 1],
                        "fontSize": 0.8,
                        "leading": 0.96,
                        "justification": "center"
                      }
                    ]
                  ]
                }
              ],
              [
                "Shape",
                {
                  "applyMatrix": false,
                  "matrix": [1, 0, 0, 1, 7.1811, 3.02362],
                  "data": {"aecad": {"part": "border1"}},
                  "type": "rectangle",
                  "size": [15.87402, 7.55906],
                  "radius": [0.3, 0.3],
                  "strokeColor": [1, 0.07843, 0.57647],
                  "strokeWidth": 0.2
                }
              ]
            ]
          }
        ],
        [
          "Group",
          {
            "applyMatrix": false,
            "matrix": [1, 0, 0, 1, -208.01575, 0],
            "data": {
              "aecad": {
                "type": "R1206",
                "name": "c1.r2",
                "value": "120ohm",
                "rev": 2,
                "_labels": {"1": "1", "2": "2"},
                "_iface": {"1": 1, "2": 2}
              }
            },
            "children": [
              [
                "Group",
                {
                  "applyMatrix": true,
                  "data": {
                    "aecad": {
                      "type": "Pad",
                      "width": 0.9,
                      "height": 1.6,
                      "pin": 1,
                      "label": 1,
                      "netid": "10"
                    }
                  },
                  "children": [
                    [
                      "Shape",
                      {
                        "applyMatrix": false,
                        "matrix": [1, 0, 0, 1, 1.70079, 3.02362],
                        "data": {"aecad": {"part": "cu"}},
                        "type": "rectangle",
                        "size": [3.40157, 6.04724],
                        "radius": [0, 0],
                        "fillColor": [0.78039, 0.08235, 0.52157],
                        "strokeWidth": 0
                      }
                    ],
                    [
                      "PointText",
                      {
                        "applyMatrix": false,
                        "matrix": [3.77953, 0, 0, 3.77953, 1.70079, 3.93071],
                        "data": {"aecad": {"part": "ttip"}},
                        "content": "1",
                        "fillColor": [1, 1, 1],
                        "fontSize": 0.8,
                        "leading": 0.96,
                        "justification": "center"
                      }
                    ]
                  ]
                }
              ],
              [
                "Group",
                {
                  "applyMatrix": true,
                  "data": {
                    "aecad": {
                      "type": "Pad",
                      "width": 0.9,
                      "height": 1.6,
                      "pin": 2,
                      "label": 2,
                      "netid": "9"
                    }
                  },
                  "children": [
                    [
                      "Shape",
                      {
                        "applyMatrix": false,
                        "matrix": [1, 0, 0, 1, 12.66142, 3.02362],
                        "data": {"aecad": {"part": "cu"}},
                        "type": "rectangle",
                        "size": [3.40157, 6.04724],
                        "radius": [0, 0],
                        "fillColor": [0.78039, 0.08235, 0.52157],
                        "strokeWidth": 0
                      }
                    ],
                    [
                      "PointText",
                      {
                        "applyMatrix": false,
                        "matrix": [3.77953, 0, 0, 3.77953, 12.66142, 3.93071],
                        "data": {"aecad": {"part": "ttip"}},
                        "content": "2",
                        "fillColor": [1, 1, 1],
                        "fontSize": 0.8,
                        "leading": 0.96,
                        "justification": "center"
                      }
                    ]
                  ]
                }
              ],
              [
                "Shape",
                {
                  "applyMatrix": false,
                  "matrix": [1, 0, 0, 1, 7.1811, 3.02362],
                  "data": {"aecad": {"part": "border1"}},
                  "type": "rectangle",
                  "size": [15.87402, 7.55906],
                  "radius": [0.3, 0.3],
                  "strokeColor": [1, 0.07843, 0.57647],
                  "strokeWidth": 0.2
                }
              ]
            ]
          }
        ],
        [
          "Group",
          {
            "applyMatrix": false,
            "matrix": [1, 0, 0, 1, -142.14173, 17.55906],
            "data": {
              "aecad": {
                "type": "R1206",
                "name": "c1.r1",
                "value": "120ohm",
                "rev": 2,
                "_labels": {"1": "1", "2": "2"},
                "_iface": {"1": 1, "2": 2}
              }
            },
            "children": [
              [
                "Group",
                {
                  "applyMatrix": true,
                  "data": {
                    "aecad": {
                      "type": "Pad",
                      "width": 0.9,
                      "height": 1.6,
                      "pin": 1,
                      "label": 1,
                      "netid": "12"
                    }
                  },
                  "children": [
                    [
                      "Shape",
                      {
                        "applyMatrix": false,
                        "matrix": [1, 0, 0, 1, 1.70079, 3.02362],
                        "data": {"aecad": {"part": "cu"}},
                        "type": "rectangle",
                        "size": [3.40157, 6.04724],
                        "radius": [0, 0],
                        "fillColor": [0.78039, 0.08235, 0.52157],
                        "strokeWidth": 0
                      }
                    ],
                    [
                      "PointText",
                      {
                        "applyMatrix": false,
                        "matrix": [3.77953, 0, 0, 3.77953, 1.70079, 3.93071],
                        "data": {"aecad": {"part": "ttip"}},
                        "content": "1",
                        "fillColor": [1, 1, 1],
                        "fontSize": 0.8,
                        "leading": 0.96,
                        "justification": "center"
                      }
                    ]
                  ]
                }
              ],
              [
                "Group",
                {
                  "applyMatrix": true,
                  "data": {
                    "aecad": {
                      "type": "Pad",
                      "width": 0.9,
                      "height": 1.6,
                      "pin": 2,
                      "label": 2,
                      "netid": "11"
                    }
                  },
                  "children": [
                    [
                      "Shape",
                      {
                        "applyMatrix": false,
                        "matrix": [1, 0, 0, 1, 12.66142, 3.02362],
                        "data": {"aecad": {"part": "cu"}},
                        "type": "rectangle",
                        "size": [3.40157, 6.04724],
                        "radius": [0, 0],
                        "fillColor": [0.78039, 0.08235, 0.52157],
                        "strokeWidth": 0
                      }
                    ],
                    [
                      "PointText",
                      {
                        "applyMatrix": false,
                        "matrix": [3.77953, 0, 0, 3.77953, 12.66142, 3.93071],
                        "data": {"aecad": {"part": "ttip"}},
                        "content": "2",
                        "fillColor": [1, 1, 1],
                        "fontSize": 0.8,
                        "leading": 0.96,
                        "justification": "center"
                      }
                    ]
                  ]
                }
              ],
              [
                "Shape",
                {
                  "applyMatrix": false,
                  "matrix": [1, 0, 0, 1, 7.1811, 3.02362],
                  "data": {"aecad": {"part": "border1"}},
                  "type": "rectangle",
                  "size": [15.87402, 7.55906],
                  "radius": [0.3, 0.3],
                  "strokeColor": [1, 0.07843, 0.57647],
                  "strokeWidth": 0.2
                }
              ]
            ]
          }
        ],
        [
          "Group",
          {
            "applyMatrix": false,
            "matrix": [1, 0, 0, 1, -142.14173, 0],
            "data": {
              "aecad": {
                "type": "C1206",
                "name": "c1.c2",
                "value": "100nF",
                "rev": 2,
                "_labels": {"1": "c", "2": "a"},
                "_iface": {"1": "c", "2": "a"}
              }
            },
            "children": [
              [
                "Group",
                {
                  "applyMatrix": true,
                  "data": {
                    "aecad": {
                      "type": "Pad",
                      "width": 0.9,
                      "height": 1.6,
                      "pin": 1,
                      "label": "c",
                      "netid": "13"
                    }
                  },
                  "children": [
                    [
                      "Shape",
                      {
                        "applyMatrix": false,
                        "matrix": [1, 0, 0, 1, 1.70079, 3.02362],
                        "data": {"aecad": {"part": "cu"}},
                        "type": "rectangle",
                        "size": [3.40157, 6.04724],
                        "radius": [0, 0],
                        "fillColor": [0.78039, 0.08235, 0.52157],
                        "strokeWidth": 0
                      }
                    ],
                    [
                      "PointText",
                      {
                        "applyMatrix": false,
                        "matrix": [3.77953, 0, 0, 3.77953, 1.70079, 3.93071],
                        "data": {"aecad": {"part": "ttip"}},
                        "content": "c",
                        "fillColor": [1, 1, 1],
                        "fontSize": 0.8,
                        "leading": 0.96,
                        "justification": "center"
                      }
                    ]
                  ]
                }
              ],
              [
                "Group",
                {
                  "applyMatrix": true,
                  "data": {
                    "aecad": {
                      "type": "Pad",
                      "width": 0.9,
                      "height": 1.6,
                      "pin": 2,
                      "label": "a",
                      "netid": "14"
                    }
                  },
                  "children": [
                    [
                      "Shape",
                      {
                        "applyMatrix": false,
                        "matrix": [1, 0, 0, 1, 12.66142, 3.02362],
                        "data": {"aecad": {"part": "cu"}},
                        "type": "rectangle",
                        "size": [3.40157, 6.04724],
                        "radius": [0, 0],
                        "fillColor": [0.78039, 0.08235, 0.52157],
                        "strokeWidth": 0
                      }
                    ],
                    [
                      "PointText",
                      {
                        "applyMatrix": false,
                        "matrix": [3.77953, 0, 0, 3.77953, 12.66142, 3.93071],
                        "data": {"aecad": {"part": "ttip"}},
                        "content": "a",
                        "fillColor": [1, 1, 1],
                        "fontSize": 0.8,
                        "leading": 0.96,
                        "justification": "center"
                      }
                    ]
                  ]
                }
              ],
              [
                "Shape",
                {
                  "applyMatrix": false,
                  "matrix": [1, 0, 0, 1, 7.1811, 3.02362],
                  "data": {"aecad": {"part": "border1"}},
                  "type": "rectangle",
                  "size": [15.87402, 7.55906],
                  "radius": [0.3, 0.3],
                  "strokeColor": [1, 0.07843, 0.57647],
                  "strokeWidth": 0.2
                }
              ]
            ]
          }
        ]
      ]
    }
  ]
]