[
  [
    "aeCAD",
    {
      "name": "aeCAD by Aktos Electronics",
      "website": "https://aktos.io/aecad",
      "dependencies": {"aecad": "908f46a"}
    }
  ],
  [
    "Layer",
    {
      "name": "scripting",
      "applyMatrix": true,
      "selected": true,
      "children": [
        [
          "Group",
          {
            "applyMatrix": false,
            "matrix": [1, 0, 0, 1, -213.40157, 0],
            "data": {
              "aecad": {
                "type": "C1206",
                "name": "c3",
                "value": "100uF",
                "labels": null,
                "rev": 3,
                "_labels": {"1": "c", "2": "a"},
                "_iface": {"1": "c", "2": "a"},
                "orig_labels": null
              }
            },
            "children": [
              [
                "Group",
                {
                  "applyMatrix": true,
                  "data": {
                    "aecad": {
                      "type": "Pad",
                      "width": 0.9,
                      "height": 1.6,
                      "pin": 1,
                      "label": "c",
                      "netid": "1"
                    }
                  },
                  "children": [
                    [
                      "Shape",
                      {
                        "applyMatrix": false,
                        "matrix": [1, 0, 0, 1, 1.70079, 3.02362],
                        "data": {"aecad": {"part": "cu"}},
                        "type": "rectangle",
                        "size": [3.40157, 6.04724],
                        "radius": [0, 0],
                        "fillColor": [0.78039, 0.08235, 0.52157],
                        "strokeWidth": 0
                      }
                    ],
                    [
                      "PointText",
                      {
                        "applyMatrix": false,
                        "matrix": [3.77953, 0, 0, 3.77953, 1.70079, 3.93071],
                        "data": {"aecad": {"part": "ttip"}},
                        "content": "c",
                        "fillColor": [1, 1, 1],
                        "fontSize": 0.8,
                        "leading": 0.96,
                        "justification": "center"
                      }
                    ]
                  ]
                }
              ],
              [
                "Group",
                {
                  "applyMatrix": true,
                  "data": {
                    "aecad": {
                      "type": "Pad",
                      "width": 0.9,
                      "height": 1.6,
                      "pin": 2,
                      "label": "a",
                      "netid": "2"
                    }
                  },
                  "children": [
                    [
                      "Shape",
                      {
                        "applyMatrix": false,
                        "matrix": [1, 0, 0, 1, 12.66142, 3.02362],
                        "data": {"aecad": {"part": "cu"}},
                        "type": "rectangle",
                        "size": [3.40157, 6.04724],
                        "radius": [0, 0],
                        "fillColor": [0.78039, 0.08235, 0.52157],
                        "strokeWidth": 0
                      }
                    ],
                    [
                      "PointText",
                      {
                        "applyMatrix": false,
                        "matrix": [3.77953, 0, 0, 3.77953, 12.66142, 3.93071],
                        "data": {"aecad": {"part": "ttip"}},
                        "content": "a",
                        "fillColor": [1, 1, 1],
                        "fontSize": 0.8,
                        "leading": 0.96,
                        "justification": "center"
                      }
                    ]
                  ]
                }
              ],
              [
                "Shape",
                {
                  "applyMatrix": false,
                  "matrix": [1, 0, 0, 1, 7.1811, 3.02362],
                  "data": {"aecad": {"part": "border1"}},
                  "type": "rectangle",
                  "size": [15.87402, 7.55906],
                  "radius": [0.3, 0.3],
                  "strokeColor": [1, 0.07843, 0.57647],
                  "strokeWidth": 0.2
                }
              ]
            ]
          }
        ],
        [
          "Group",
          {
            "applyMatrix": false,
            "matrix": [1, 0, 0, 1, -147.52756, 0],
            "data": {
              "aecad": {
                "type": "C1206",
                "name": "c2",
                "value": "10uF",
                "labels": null,
                "rev": 3,
                "_labels": {"1": "c", "2": "a"},
                "_iface": {"1": "c", "2": "a"},
                "orig_labels": null
              }
            },
            "children": [
              [
                "Group",
                {
                  "applyMatrix": true,
                  "data": {
                    "aecad": {
                      "type": "Pad",
                      "width": 0.9,
                      "height": 1.6,
                      "pin": 1,
                      "label": "c",
                      "netid": "1"
                    }
                  },
                  "children": [
                    [
                      "Shape",
                      {
                        "applyMatrix": false,
                        "matrix": [1, 0, 0, 1, 1.70079, 3.02362],
                        "data": {"aecad": {"part": "cu"}},
                        "type": "rectangle",
                        "size": [3.40157, 6.04724],
                        "radius": [0, 0],
                        "fillColor": [0.78039, 0.08235, 0.52157],
                        "strokeWidth": 0
                      }
                    ],
                    [
                      "PointText",
                      {
                        "applyMatrix": false,
                        "matrix": [3.77953, 0, 0, 3.77953, 1.70079, 3.93071],
                        "data": {"aecad": {"part": "ttip"}},
                        "content": "c",
                        "fillColor": [1, 1, 1],
                        "fontSize": 0.8,
                        "leading": 0.96,
                        "justification": "center"
                      }
                    ]
                  ]
                }
              ],
              [
                "Group",
                {
                  "applyMatrix": true,
                  "data": {
                    "aecad": {
                      "type": "Pad",
                      "width": 0.9,
                      "height": 1.6,
                      "pin": 2,
                      "label": "a",
                      "netid": "3"
                    }
                  },
                  "children": [
                    [
                      "Shape",
                      {
                        "applyMatrix": false,
                        "matrix": [1, 0, 0, 1, 12.66142, 3.02362],
                        "data": {"aecad": {"part": "cu"}},
                        "type": "rectangle",
                        "size": [3.40157, 6.04724],
                        "radius": [0, 0],
                        "fillColor": [0.78039, 0.08235, 0.52157],
                        "strokeWidth": 0
                      }
                    ],
                    [
                      "PointText",
                      {
                        "applyMatrix": false,
                        "matrix": [3.77953, 0, 0, 3.77953, 12.66142, 3.93071],
                        "data": {"aecad": {"part": "ttip"}},
                        "content": "a",
                        "fillColor": [1, 1, 1],
                        "fontSize": 0.8,
                        "leading": 0.96,
                        "justification": "center"
                      }
                    ]
                  ]
                }
              ],
              [
                "Shape",
                {
                  "applyMatrix": false,
                  "matrix": [1, 0, 0, 1, 7.1811, 3.02362],
                  "data": {"aecad": {"part": "border1"}},
                  "type": "rectangle",
                  "size": [15.87402, 7.55906],
                  "radius": [0.3, 0.3],
                  "strokeColor": [1, 0.07843, 0.57647],
                  "strokeWidth": 0.2
                }
              ]
            ]
          }
        ],
        [
          "Group",
          {
            "applyMatrix": false,
            "matrix": [1, 0, 0, 1, -81.65354, 0],
            "data": {
              "aecad": {
                "type": "LM1117",
                "name": "c1",
                "value": "5V",
                "labels": null,
                "rev": 1,
                "_labels": {"1": "gnd", "2": "vout", "3": "vin", "4": "vout"},
                "_iface": {"1": "gnd", "2": "vout", "3": "vin", "4": "vout"},
                "orig_labels": null
              }
            },
            "children": [
              [
                "Group",
                {
                  "applyMatrix": false,
                  "data": {
                    "aecad": {
                      "type": "PinArray",
                      "start": 4,
                      "pad": {"width": 2.15, "height": 3.8},
                      "cols": {"count": 1},
                      "labels": {
                        "1": "gnd",
                        "2": "vout",
                        "3": "vin",
                        "4": "vout"
                      },
                      "_iface": {"4": "vout"}
                    }
                  },
                  "children": [
                    [
                      "Group",
                      {
                        "applyMatrix": true,
                        "data": {
                          "aecad": {
                            "type": "Pad",
                            "width": 2.15,
                            "height": 3.8,
                            "pin": 4,
                            "label": "vout",
                            "netid": "2"
                          }
                        },
                        "children": [
                          [
                            "Shape",
                            {
                              "applyMatrix": false,
                              "matrix": [1, 0, 0, 1, 4.06299, 7.1811],
                              "data": {"aecad": {"part": "cu"}},
                              "type": "rectangle",
                              "size": [8.12598, 14.3622],
                              "radius": [0, 0],
                              "fillColor": [0.78039, 0.08235, 0.52157],
                              "strokeWidth": 0
                            }
                          ],
                          [
                            "PointText",
                            {
                              "applyMatrix": false,
                              "matrix": [
                                3.22441,
                                0,
                                0,
                                3.22441,
                                4.06299,
                                7.95496
                              ],
                              "data": {"aecad": {"part": "ttip"}},
                              "content": "vout",
                              "fillColor": [1, 1, 1],
                              "fontSize": 0.8,
                              "leading": 0.96,
                              "justification": "center"
                            }
                          ]
                        ]
                      }
                    ]
                  ]
                }
              ],
              [
                "Group",
                {
                  "applyMatrix": false,
                  "matrix": [1, 0, 0, 1, 24.09449, -4.34646],
                  "data": {
                    "aecad": {
                      "type": "PinArray",
                      "dir": "-y",
                      "pad": {"width": 2, "height": 1.5},
                      "rows": {"count": 3, "interval": 2.3},
                      "labels": {
                        "1": "gnd",
                        "2": "vout",
                        "3": "vin",
                        "4": "vout"
                      },
                      "_iface": {"1": "gnd", "2": "vout", "3": "vin"}
                    }
                  },
                  "children": [
                    [
                      "Group",
                      {
                        "applyMatrix": true,
                        "data": {
                          "aecad": {
                            "type": "Pad",
                            "width": 2,
                            "height": 1.5,
                            "pin": 3,
                            "label": "vin",
                            "netid": "3"
                          }
                        },
                        "children": [
                          [
                            "Shape",
                            {
                              "applyMatrix": false,
                              "matrix": [1, 0, 0, 1, 3.77953, 2.83465],
                              "data": {"aecad": {"part": "cu"}},
                              "type": "rectangle",
                              "size": [7.55906, 5.66929],
                              "radius": [0, 0],
                              "fillColor": [0.78039, 0.08235, 0.52157],
                              "strokeWidth": 0
                            }
                          ],
                          [
                            "PointText",
                            {
                              "applyMatrix": false,
                              "matrix": [
                                3.54331,
                                0,
                                0,
                                3.54331,
                                3.77953,
                                3.68504
                              ],
                              "data": {"aecad": {"part": "ttip"}},
                              "content": "vin",
                              "fillColor": [1, 1, 1],
                              "fontSize": 0.8,
                              "leading": 0.96,
                              "justification": "center"
                            }
                          ]
                        ]
                      }
                    ],
                    [
                      "Group",
                      {
                        "applyMatrix": true,
                        "data": {
                          "aecad": {
                            "type": "Pad",
                            "width": 2,
                            "height": 1.5,
                            "pin": 2,
                            "label": "vout",
                            "netid": "2"
                          }
                        },
                        "children": [
                          [
                            "Shape",
                            {
                              "applyMatrix": false,
                              "matrix": [1, 0, 0, 1, 3.77953, 11.52756],
                              "data": {"aecad": {"part": "cu"}},
                              "type": "rectangle",
                              "size": [7.55906, 5.66929],
                              "radius": [0, 0],
                              "fillColor": [0.78039, 0.08235, 0.52157],
                              "strokeWidth": 0
                            }
                          ],
                          [
                            "PointText",
                            {
                              "applyMatrix": false,
                              "matrix": [
                                2.99946,
                                0,
                                0,
                                2.99946,
                                3.77953,
                                12.24743
                              ],
                              "data": {"aecad": {"part": "ttip"}},
                              "content": "vout",
                              "fillColor": [1, 1, 1],
                              "fontSize": 0.8,
                              "leading": 0.96,
                              "justification": "center"
                            }
                          ]
                        ]
                      }
                    ],
                    [
                      "Group",
                      {
                        "applyMatrix": true,
                        "data": {
                          "aecad": {
                            "type": "Pad",
                            "width": 2,
                            "height": 1.5,
                            "pin": 1,
                            "label": "gnd",
                            "netid": "1"
                          }
                        },
                        "children": [
                          [
                            "Shape",
                            {
                              "applyMatrix": false,
                              "matrix": [1, 0, 0, 1, 3.77953, 20.22047],
                              "data": {"aecad": {"part": "cu"}},
                              "type": "rectangle",
                              "size": [7.55906, 5.66929],
                              "radius": [0, 0],
                              "fillColor": [0.78039, 0.08235, 0.52157],
                              "strokeWidth": 0
                            }
                          ],
                          [
                            "PointText",
                            {
                              "applyMatrix": false,
                              "matrix": [
                                3.39797,
                                0,
                                0,
                                3.39797,
                                3.77953,
                                21.03598
                              ],
                              "data": {"aecad": {"part": "ttip"}},
                              "content": "gnd",
                              "fillColor": [1, 1, 1],
                              "fontSize": 0.8,
                              "leading": 0.96,
                              "justification": "center"
                            }
                          ]
                        ]
                      }
                    ]
                  ]
                }
              ],
              [
                "Shape",
                {
                  "applyMatrix": false,
                  "matrix": [1, 0, 0, 1, 15.82677, 7.1811],
                  "data": {"aecad": {"part": "border1"}},
                  "type": "rectangle",
                  "size": [13.22835, 24.56693],
                  "radius": [0.3, 0.3],
                  "strokeColor": [1, 0.07843, 0.57647],
                  "strokeWidth": 0.2
                }
              ]
            ]
          }
        ]
      ]
    }
  ]
]